Generator,bus,control,type,p_nom,p_nom_mod,p_nom_extendable,p_nom_min,p_nom_max,p_min_pu,p_max_pu,p_set,e_sum_min,e_sum_max,q_set,sign,carrier,marginal_cost,marginal_cost_quadratic,active,build_year,lifetime,capital_cost,efficiency,committable,start_up_cost,shut_down_cost,stand_by_cost,min_up_time,min_down_time,up_time_before,down_time_before,ramp_limit_up,ramp_limit_down,ramp_limit_start_up,ramp_limit_shut_down,weight,p_nom_opt,emission_activity_ratio,opex_fixed,max_utilisation_rate,min_utilisation_rate
wind-offshore-unspecified:GRIDREGION-JPN-SH,GRIDREGION-JPN-SH,PQ,wind-offshore-unspecified,1700,0,TRUE,1700,1982,0,1,0,,,0,1,wind-offshore-unspecified,0,0,TRUE,2040,25,188816.4517,1,FALSE,0,0,0,0,0,1,0,,,1,1,1,0,,65507.74854,,
wind-offshore-unspecified:GRIDREGION-JPN-HR,GRIDREGION-JPN-HR,PQ,wind-offshore-unspecified,1300,0,TRUE,1300,1300,0,1,0,,,0,1,wind-offshore-unspecified,0,0,TRUE,2040,25,188816.4517,1,FALSE,0,0,0,0,0,1,0,,,1,1,1,0,,65507.74854,,
wind-offshore-unspecified:GRIDREGION-JPN-CB,GRIDREGION-JPN-CB,PQ,wind-offshore-unspecified,1350,0,TRUE,1350,10378,0,1,0,,,0,1,wind-offshore-unspecified,0,0,TRUE,2040,25,188816.4517,1,FALSE,0,0,0,0,0,1,0,,,1,1,1,0,,65507.74854,,
wind-offshore-unspecified:GRIDREGION-JPN-HK,GRIDREGION-JPN-HK,PQ,wind-offshore-unspecified,14650,0,TRUE,14650,45106,0,1,0,,,0,1,wind-offshore-unspecified,0,0,TRUE,2040,25,188816.4517,1,FALSE,0,0,0,0,0,1,0,,,1,1,1,0,,65507.74854,,
wind-offshore-unspecified:GRIDREGION-JPN-KA,GRIDREGION-JPN-KA,PQ,wind-offshore-unspecified,900,0,TRUE,900,1150,0,1,0,,,0,1,wind-offshore-unspecified,0,0,TRUE,2040,25,188816.4517,1,FALSE,0,0,0,0,0,1,0,,,1,1,1,0,,65507.74854,,
wind-offshore-unspecified:GRIDREGION-JPN-CG,GRIDREGION-JPN-CG,PQ,wind-offshore-unspecified,500,0,TRUE,500,843,0,1,0,,,0,1,wind-offshore-unspecified,0,0,TRUE,2040,25,188816.4517,1,FALSE,0,0,0,0,0,1,0,,,1,1,1,0,,65507.74854,,
wind-offshore-unspecified:GRIDREGION-JPN-TK,GRIDREGION-JPN-TK,PQ,wind-offshore-unspecified,3700,0,TRUE,3700,16176,0,1,0,,,0,1,wind-offshore-unspecified,0,0,TRUE,2040,25,188816.4517,1,FALSE,0,0,0,0,0,1,0,,,1,1,1,0,,65507.74854,,
wind-offshore-unspecified:GRIDREGION-JPN-TH,GRIDREGION-JPN-TH,PQ,wind-offshore-unspecified,9000,0,TRUE,9000,24536,0,1,0,,,0,1,wind-offshore-unspecified,0,0,TRUE,2040,25,188816.4517,1,FALSE,0,0,0,0,0,1,0,,,1,1,1,0,,65507.74854,,
wind-offshore-unspecified:GRIDREGION-JPN-KY,GRIDREGION-JPN-KY,PQ,wind-offshore-unspecified,11900,0,TRUE,11900,13141,0,1,0,,,0,1,wind-offshore-unspecified,0,0,TRUE,2040,25,188816.4517,1,FALSE,0,0,0,0,0,1,0,,,1,1,1,0,,65507.74854,,
geothermal-unspecified:GRIDREGION-JPN-SH,GRIDREGION-JPN-SH,PQ,geothermal-unspecified,0,0,TRUE,0,0,0,1,0,,,0,1,geothermal-unspecified,0,0,TRUE,2040,40,517114.9558,1,FALSE,0,0,0,0,0,1,0,,,1,1,1,0,,241952.8692,,
geothermal-unspecified:GRIDREGION-JPN-HR,GRIDREGION-JPN-HR,PQ,geothermal-unspecified,20,0,TRUE,20,30,0,1,0,,,0,1,geothermal-unspecified,0,0,TRUE,2040,40,517114.9558,1,FALSE,0,0,0,0,0,1,0,,,1,1,1,0,,241952.8692,,
geothermal-unspecified:GRIDREGION-JPN-CB,GRIDREGION-JPN-CB,PQ,geothermal-unspecified,20,0,TRUE,20,30,0,1,0,,,0,1,geothermal-unspecified,0,0,TRUE,2040,40,517114.9558,1,FALSE,0,0,0,0,0,1,0,,,1,1,1,0,,241952.8692,,
geothermal-unspecified:GRIDREGION-JPN-HK,GRIDREGION-JPN-HK,PQ,geothermal-unspecified,150,0,TRUE,150,225,0,1,0,,,0,1,geothermal-unspecified,0,0,TRUE,2040,40,517114.9558,1,FALSE,0,0,0,0,0,1,0,,,1,1,1,0,,241952.8692,,
geothermal-unspecified:GRIDREGION-JPN-KA,GRIDREGION-JPN-KA,PQ,geothermal-unspecified,0,0,TRUE,0,0,0,1,0,,,0,1,geothermal-unspecified,0,0,TRUE,2040,40,517114.9558,1,FALSE,0,0,0,0,0,1,0,,,1,1,1,0,,241952.8692,,
geothermal-unspecified:GRIDREGION-JPN-CG,GRIDREGION-JPN-CG,PQ,geothermal-unspecified,0,0,TRUE,0,0,0,1,0,,,0,1,geothermal-unspecified,0,0,TRUE,2040,40,517114.9558,1,FALSE,0,0,0,0,0,1,0,,,1,1,1,0,,241952.8692,,
geothermal-unspecified:GRIDREGION-JPN-TK,GRIDREGION-JPN-TK,PQ,geothermal-unspecified,80,0,TRUE,80,120,0,1,0,,,0,1,geothermal-unspecified,0,0,TRUE,2040,40,517114.9558,1,FALSE,0,0,0,0,0,1,0,,,1,1,1,0,,241952.8692,,
geothermal-unspecified:GRIDREGION-JPN-TH,GRIDREGION-JPN-TH,PQ,geothermal-unspecified,740,0,TRUE,740,1110,0,1,0,,,0,1,geothermal-unspecified,0,0,TRUE,2040,40,517114.9558,1,FALSE,0,0,0,0,0,1,0,,,1,1,1,0,,241952.8692,,
geothermal-unspecified:GRIDREGION-JPN-KY,GRIDREGION-JPN-KY,PQ,geothermal-unspecified,540,0,TRUE,540,810,0,1,0,,,0,1,geothermal-unspecified,0,0,TRUE,2040,40,517114.9558,1,FALSE,0,0,0,0,0,1,0,,,1,1,1,0,,241952.8692,,
wind-onshore:GRIDREGION-JPN-SH,GRIDREGION-JPN-SH,PQ,wind-onshore,780,0,TRUE,780,1950,0,1,0,,,0,1,wind-onshore,0,0,TRUE,2040,25,222418.0733,1,FALSE,0,0,0,0,0,1,0,,,1,1,1,0,,81743.39446,,
wind-onshore:GRIDREGION-JPN-HR,GRIDREGION-JPN-HR,PQ,wind-onshore,770,0,TRUE,770,1789,0,1,0,,,0,1,wind-onshore,0,0,TRUE,2040,25,222418.0733,1,FALSE,0,0,0,0,0,1,0,,,1,1,1,0,,81743.39446,,
wind-onshore:GRIDREGION-JPN-CB,GRIDREGION-JPN-CB,PQ,wind-onshore,480,0,TRUE,480,1221,0,1,0,,,0,1,wind-onshore,0,0,TRUE,2040,25,222418.0733,1,FALSE,0,0,0,0,0,1,0,,,1,1,1,0,,81743.39446,,
wind-onshore:GRIDREGION-JPN-HK,GRIDREGION-JPN-HK,PQ,wind-onshore,1480,0,TRUE,1480,6290,0,1,0,,,0,1,wind-onshore,0,0,TRUE,2040,25,222418.0733,1,FALSE,0,0,0,0,0,1,0,,,1,1,1,0,,81743.39446,,
wind-onshore:GRIDREGION-JPN-KA,GRIDREGION-JPN-KA,PQ,wind-onshore,190,0,TRUE,190,2404,0,1,0,,,0,1,wind-onshore,0,0,TRUE,2040,25,222418.0733,1,FALSE,0,0,0,0,0,1,0,,,1,1,1,0,,81743.39446,,
wind-onshore:GRIDREGION-JPN-CG,GRIDREGION-JPN-CG,PQ,wind-onshore,880,0,TRUE,880,2144,0,1,0,,,0,1,wind-onshore,0,0,TRUE,2040,25,222418.0733,1,FALSE,0,0,0,0,0,1,0,,,1,1,1,0,,81743.39446,,
wind-onshore:GRIDREGION-JPN-TK,GRIDREGION-JPN-TK,PQ,wind-onshore,1560,0,TRUE,1560,3890,0,1,0,,,0,1,wind-onshore,0,0,TRUE,2040,25,222418.0733,1,FALSE,0,0,0,0,0,1,0,,,1,1,1,0,,81743.39446,,
wind-onshore:GRIDREGION-JPN-TH,GRIDREGION-JPN-TH,PQ,wind-onshore,3570,0,TRUE,3570,18246,0,1,0,,,0,1,wind-onshore,0,0,TRUE,2040,25,222418.0733,1,FALSE,0,0,0,0,0,1,0,,,1,1,1,0,,81743.39446,,
wind-onshore:GRIDREGION-JPN-KY,GRIDREGION-JPN-KY,PQ,wind-onshore,1370,0,TRUE,1370,3039,0,1,0,,,0,1,wind-onshore,0,0,TRUE,2040,25,222418.0733,1,FALSE,0,0,0,0,0,1,0,,,1,1,1,0,,81743.39446,,
nuclear-Tomari:GRIDREGION-JPN-HK,GRIDREGION-JPN-HK,PQ,nuclear,2070,0,FALSE,2070,inf,0.7,0.7,0,,,0,1,nuclear,12,0,TRUE,2040,40,319369.5412,0.34965035,FALSE,0,0,0,0,0,1,0,0.6,0.6,1,1,1,0,,155368.966,,
nuclear-Onagawa:GRIDREGION-JPN-TH,GRIDREGION-JPN-TH,PQ,nuclear,825,0,FALSE,825,inf,0.7,0.7,0,,,0,1,nuclear,12,0,TRUE,2040,40,319369.5412,0.34965035,FALSE,0,0,0,0,0,1,0,0.6,0.6,1,1,1,0,,155368.966,,
nuclear-Kashiwazaki-Kariwa:GRIDREGION-JPN-TK,GRIDREGION-JPN-TK,PQ,nuclear,2712,0,FALSE,2712,inf,0.7,0.7,0,,,0,1,nuclear,12,0,TRUE,2040,40,319369.5412,0.34965035,FALSE,0,0,0,0,0,1,0,0.6,0.6,1,1,1,0,,155368.966,,
nuclear-Shika:GRIDREGION-JPN-HR,GRIDREGION-JPN-HR,PQ,nuclear,1206,0,FALSE,1206,inf,0.7,0.7,0,,,0,1,nuclear,12,0,TRUE,2040,40,319369.5412,0.34965035,FALSE,0,0,0,0,0,1,0,0.6,0.6,1,1,1,0,,155368.966,,
nuclear-Oi:GRIDREGION-JPN-KA,GRIDREGION-JPN-KA,PQ,nuclear,2360,0,FALSE,2360,inf,0.7,0.7,0,,,0,1,nuclear,12,0,TRUE,2040,40,319369.5412,0.34965035,FALSE,0,0,0,0,0,1,0,0.6,0.6,1,1,1,0,,155368.966,,
nuclear-Takahama:GRIDREGION-JPN-KA,GRIDREGION-JPN-KA,PQ,nuclear,1740,0,FALSE,1740,inf,0.7,0.7,0,,,0,1,nuclear,13,0,TRUE,2040,40,319369.5412,0.34965035,FALSE,0,0,0,0,0,1,0,0.6,0.6,1,1,1,0,,155368.966,,
nuclear-Shimane:GRIDREGION-JPN-CG,GRIDREGION-JPN-CG,PQ,nuclear,820,0,FALSE,820,inf,0.7,0.7,0,,,0,1,nuclear,12,0,TRUE,2040,40,319369.5412,0.34965035,FALSE,0,0,0,0,0,1,0,0.6,0.6,1,1,1,0,,155368.966,,
nuclear-Ikata:GRIDREGION-JPN-SH,GRIDREGION-JPN-SH,PQ,nuclear,890,0,FALSE,890,inf,0.7,0.7,0,,,0,1,nuclear,12,0,TRUE,2040,40,319369.5412,0.34965035,FALSE,0,0,0,0,0,1,0,0.6,0.6,1,1,1,0,,155368.966,,
nuclear-Genkai:GRIDREGION-JPN-KY,GRIDREGION-JPN-KY,PQ,nuclear,2360,0,FALSE,2360,inf,0.7,0.7,0,,,0,1,nuclear,12,0,TRUE,2040,40,319369.5412,0.34965035,FALSE,0,0,0,0,0,1,0,0.6,0.6,1,1,1,0,,155368.966,,
nuclear-Sendai:GRIDREGION-JPN-KY,GRIDREGION-JPN-KY,PQ,nuclear,1780,0,FALSE,1780,inf,0.7,0.7,0,,,0,1,nuclear,13,0,TRUE,2040,40,319369.5412,0.34965035,FALSE,0,0,0,0,0,1,0,0.6,0.6,1,1,1,0,,155368.966,,
photovoltaic-unspecified:GRIDREGION-JPN-SH,GRIDREGION-JPN-SH,PQ,photovoltaic-unspecified,3600,0,TRUE,3600,13496,0,1,0,,,0,1,photovoltaic-unspecified,0,0,TRUE,2040,20,102863.2143,1,FALSE,0,0,0,0,0,1,0,,,1,1,1,0,,34083.29623,,
photovoltaic-unspecified:GRIDREGION-JPN-HR,GRIDREGION-JPN-HR,PQ,photovoltaic-unspecified,1670,0,TRUE,1670,4970,0,1,0,,,0,1,photovoltaic-unspecified,0,0,TRUE,2040,20,102863.2143,1,FALSE,0,0,0,0,0,1,0,,,1,1,1,0,,34083.29623,,
photovoltaic-unspecified:GRIDREGION-JPN-CB,GRIDREGION-JPN-CB,PQ,photovoltaic-unspecified,11330,0,TRUE,11330,38999,0,1,0,,,0,1,photovoltaic-unspecified,0,0,TRUE,2040,20,102863.2143,1,FALSE,0,0,0,0,0,1,0,,,1,1,1,0,,34083.29623,,
photovoltaic-unspecified:GRIDREGION-JPN-HK,GRIDREGION-JPN-HK,PQ,photovoltaic-unspecified,2340,0,TRUE,2340,8305,0,1,0,,,0,1,photovoltaic-unspecified,0,0,TRUE,2040,20,102863.2143,1,FALSE,0,0,0,0,0,1,0,,,1,1,1,0,,34083.29623,,
photovoltaic-unspecified:GRIDREGION-JPN-KA,GRIDREGION-JPN-KA,PQ,photovoltaic-unspecified,7030,0,TRUE,7030,23097,0,1,0,,,0,1,photovoltaic-unspecified,0,0,TRUE,2040,20,102863.2143,1,FALSE,0,0,0,0,0,1,0,,,1,1,1,0,,34083.29623,,
photovoltaic-unspecified:GRIDREGION-JPN-CG,GRIDREGION-JPN-CG,PQ,photovoltaic-unspecified,7930,0,TRUE,7930,26285,0,1,0,,,0,1,photovoltaic-unspecified,0,0,TRUE,2040,20,102863.2143,1,FALSE,0,0,0,0,0,1,0,,,1,1,1,0,,34083.29623,,
photovoltaic-unspecified:GRIDREGION-JPN-TK,GRIDREGION-JPN-TK,PQ,photovoltaic-unspecified,18470,0,TRUE,18470,60231,0,1,0,,,0,1,photovoltaic-unspecified,0,0,TRUE,2040,20,102863.2143,1,FALSE,0,0,0,0,0,1,0,,,1,1,1,0,,34083.29623,,
photovoltaic-unspecified:GRIDREGION-JPN-TH,GRIDREGION-JPN-TH,PQ,photovoltaic-unspecified,9660,0,TRUE,9660,33780,0,1,0,,,0,1,photovoltaic-unspecified,0,0,TRUE,2040,20,102863.2143,1,FALSE,0,0,0,0,0,1,0,,,1,1,1,0,,34083.29623,,
photovoltaic-unspecified:GRIDREGION-JPN-KY,GRIDREGION-JPN-KY,PQ,photovoltaic-unspecified,13470,0,TRUE,13470,49404,0,1,0,,,0,1,photovoltaic-unspecified,0,0,TRUE,2040,20,102863.2143,1,FALSE,0,0,0,0,0,1,0,,,1,1,1,0,,34083.29623,,
biomass:GRIDREGION-JPN-SH,GRIDREGION-JPN-SH,PQ,biomass,420,0,FALSE,420,inf,0,1,0,,,0,1,biomass,130.4,0,TRUE,2040,40,489994.8764,0.25,FALSE,0,0,0,0,0,1,0,,,1,1,1,0,,352007.8135,,
biomass:GRIDREGION-JPN-HR,GRIDREGION-JPN-HR,PQ,biomass,50,0,FALSE,50,inf,0,1,0,,,0,1,biomass,130.4,0,TRUE,2040,40,489994.8764,0.25,FALSE,0,0,0,0,0,1,0,,,1,1,1,0,,352007.8135,,
biomass:GRIDREGION-JPN-CB,GRIDREGION-JPN-CB,PQ,biomass,410,0,FALSE,410,inf,0,1,0,,,0,1,biomass,130.4,0,TRUE,2040,40,489994.8764,0.25,FALSE,0,0,0,0,0,1,0,,,1,1,1,0,,352007.8135,,
biomass:GRIDREGION-JPN-HK,GRIDREGION-JPN-HK,PQ,biomass,360,0,FALSE,360,inf,0,1,0,,,0,1,biomass,130.4,0,TRUE,2040,40,489994.8764,0.25,FALSE,0,0,0,0,0,1,0,,,1,1,1,0,,352007.8135,,
biomass:GRIDREGION-JPN-KA,GRIDREGION-JPN-KA,PQ,biomass,650,0,FALSE,650,inf,0,1,0,,,0,1,biomass,130.4,0,TRUE,2040,40,489994.8764,0.25,FALSE,0,0,0,0,0,1,0,,,1,1,1,0,,352007.8135,,
biomass:GRIDREGION-JPN-CG,GRIDREGION-JPN-CG,PQ,biomass,440,0,FALSE,440,inf,0,1,0,,,0,1,biomass,130.4,0,TRUE,2040,40,489994.8764,0.25,FALSE,0,0,0,0,0,1,0,,,1,1,1,0,,352007.8135,,
biomass:GRIDREGION-JPN-TK,GRIDREGION-JPN-TK,PQ,biomass,1740,0,FALSE,1740,inf,0,1,0,,,0,1,biomass,130.4,0,TRUE,2040,40,489994.8764,0.25,FALSE,0,0,0,0,0,1,0,,,1,1,1,0,,352007.8135,,
biomass:GRIDREGION-JPN-TH,GRIDREGION-JPN-TH,PQ,biomass,970,0,FALSE,970,inf,0,1,0,,,0,1,biomass,130.4,0,TRUE,2040,40,489994.8764,0.25,FALSE,0,0,0,0,0,1,0,,,1,1,1,0,,352007.8135,,
biomass:GRIDREGION-JPN-KY,GRIDREGION-JPN-KY,PQ,biomass,2180,0,FALSE,2180,inf,0,1,0,,,0,1,biomass,130.4,0,TRUE,2040,40,489994.8764,0.25,FALSE,0,0,0,0,0,1,0,,,1,1,1,0,,352007.8135,,
hydro-reservoir-and-run-of-river:GRIDREGION-JPN-SH,GRIDREGION-JPN-SH,PQ,hydro-reservoir-and-run-of-river,940,0,FALSE,940,inf,0,1,0,,,0,1,hydro-reservoir-and-run-of-river,0,0,TRUE,2040,40,361840.3981,1,FALSE,0,0,0,0,0,1,0,,,1,1,1,0,,122955.4751,,
hydro-reservoir-and-run-of-river:GRIDREGION-JPN-HR,GRIDREGION-JPN-HR,PQ,hydro-reservoir-and-run-of-river,2860,0,FALSE,2860,inf,0,1,0,,,0,1,hydro-reservoir-and-run-of-river,0,0,TRUE,2040,40,361840.3981,1,FALSE,0,0,0,0,0,1,0,,,1,1,1,0,,122955.4751,,
hydro-reservoir-and-run-of-river:GRIDREGION-JPN-CB,GRIDREGION-JPN-CB,PQ,hydro-reservoir-and-run-of-river,4320,0,FALSE,4320,inf,0,1,0,,,0,1,hydro-reservoir-and-run-of-river,0,0,TRUE,2040,40,361840.3981,1,FALSE,0,0,0,0,0,1,0,,,1,1,1,0,,122955.4751,,
hydro-reservoir-and-run-of-river:GRIDREGION-JPN-HK,GRIDREGION-JPN-HK,PQ,hydro-reservoir-and-run-of-river,1400,0,FALSE,1400,inf,0,1,0,,,0,1,hydro-reservoir-and-run-of-river,0,0,TRUE,2040,40,361840.3981,1,FALSE,0,0,0,0,0,1,0,,,1,1,1,0,,122955.4751,,
hydro-reservoir-and-run-of-river:GRIDREGION-JPN-KA,GRIDREGION-JPN-KA,PQ,hydro-reservoir-and-run-of-river,3020,0,FALSE,3020,inf,0,1,0,,,0,1,hydro-reservoir-and-run-of-river,0,0,TRUE,2040,40,361840.3981,1,FALSE,0,0,0,0,0,1,0,,,1,1,1,0,,122955.4751,,
hydro-reservoir-and-run-of-river:GRIDREGION-JPN-CG,GRIDREGION-JPN-CG,PQ,hydro-reservoir-and-run-of-river,1040,0,FALSE,1040,inf,0,1,0,,,0,1,hydro-reservoir-and-run-of-river,0,0,TRUE,2040,40,361840.3981,1,FALSE,0,0,0,0,0,1,0,,,1,1,1,0,,122955.4751,,
hydro-reservoir-and-run-of-river:GRIDREGION-JPN-TK,GRIDREGION-JPN-TK,PQ,hydro-reservoir-and-run-of-river,4280,0,FALSE,4280,inf,0,1,0,,,0,1,hydro-reservoir-and-run-of-river,0,0,TRUE,2040,40,361840.3981,1,FALSE,0,0,0,0,0,1,0,,,1,1,1,0,,122955.4751,,
hydro-reservoir-and-run-of-river:GRIDREGION-JPN-TH,GRIDREGION-JPN-TH,PQ,hydro-reservoir-and-run-of-river,3580,0,FALSE,3580,inf,0,1,0,,,0,1,hydro-reservoir-and-run-of-river,0,0,TRUE,2040,40,361840.3981,1,FALSE,0,0,0,0,0,1,0,,,1,1,1,0,,122955.4751,,
hydro-reservoir-and-run-of-river:GRIDREGION-JPN-KY,GRIDREGION-JPN-KY,PQ,hydro-reservoir-and-run-of-river,1920,0,FALSE,1920,inf,0,1,0,,,0,1,hydro-reservoir-and-run-of-river,0,0,TRUE,2040,40,361840.3981,1,FALSE,0,0,0,0,0,1,0,,,1,1,1,0,,122955.4751,,
gas-ccs:GRIDREGION-JPN-SH,GRIDREGION-JPN-SH,PQ,gas-ccs,0,0,TRUE,0,inf,0,1,0,,,0,1,gas-ccs,102.6,0,TRUE,2040,30,302813.4951,0.4575,FALSE,0,0,0,0,0,1,0,0.9,0.9,1,1,1,0,0.0396,128060.2776,0.7,0.085
gas-ccs:GRIDREGION-JPN-HR,GRIDREGION-JPN-HR,PQ,gas-ccs,0,0,TRUE,0,inf,0,1,0,,,0,1,gas-ccs,102.6,0,TRUE,2040,30,302813.4951,0.4575,FALSE,0,0,0,0,0,1,0,0.9,0.9,1,1,1,0,0.0396,128060.2776,0.7,0.1
gas-ccs:GRIDREGION-JPN-CB,GRIDREGION-JPN-CB,PQ,gas-ccs,0,0,TRUE,0,inf,0,1,0,,,0,1,gas-ccs,102.6,0,TRUE,2040,30,302813.4951,0.4575,FALSE,0,0,0,0,0,1,0,0.9,0.9,1,1,1,0,0.0396,128060.2776,0.7,0.23
gas-ccs:GRIDREGION-JPN-HK,GRIDREGION-JPN-HK,PQ,gas-ccs,250,0,TRUE,250,inf,0,1,0,,,0,1,gas-ccs,102.6,0,TRUE,2040,30,302813.4951,0.4575,FALSE,0,0,0,0,0,1,0,0.9,0.9,1,1,1,0,0.0396,128060.2776,0.7,0.14
gas-ccs:GRIDREGION-JPN-KA,GRIDREGION-JPN-KA,PQ,gas-ccs,0,0,TRUE,0,inf,0,1,0,,,0,1,gas-ccs,102.6,0,TRUE,2040,30,302813.4951,0.4575,FALSE,0,0,0,0,0,1,0,0.9,0.9,1,1,1,0,0.0396,128060.2776,0.7,0.225
gas-ccs:GRIDREGION-JPN-CG,GRIDREGION-JPN-CG,PQ,gas-ccs,0,0,TRUE,0,inf,0,1,0,,,0,1,gas-ccs,102.6,0,TRUE,2040,30,302813.4951,0.4575,FALSE,0,0,0,0,0,1,0,0.9,0.9,1,1,1,0,0.0396,128060.2776,0.7,0.05
gas-ccs:GRIDREGION-JPN-TK,GRIDREGION-JPN-TK,PQ,gas-ccs,0,0,TRUE,0,inf,0,1,0,,,0,1,gas-ccs,102.6,0,TRUE,2040,30,302813.4951,0.4575,FALSE,0,0,0,0,0,1,0,0.9,0.9,1,1,1,0,0.0396,128060.2776,0.7,0.16
gas-ccs:GRIDREGION-JPN-TH,GRIDREGION-JPN-TH,PQ,gas-ccs,0,0,TRUE,0,inf,0,1,0,,,0,1,gas-ccs,102.6,0,TRUE,2040,30,302813.4951,0.4575,FALSE,0,0,0,0,0,1,0,0.9,0.9,1,1,1,0,0.0396,128060.2776,0.7,0.095
gas-ccs:GRIDREGION-JPN-KY,GRIDREGION-JPN-KY,PQ,gas-ccs,0,0,TRUE,0,inf,0,1,0,,,0,1,gas-ccs,102.6,0,TRUE,2040,30,302813.4951,0.4575,FALSE,0,0,0,0,0,1,0,0.9,0.9,1,1,1,0,0.0396,128060.2776,0.7,0.04
coal-ammonia-cofiring:GRIDREGION-JPN-SH,GRIDREGION-JPN-SH,PQ,coal-ammonia-cofiring,0,0,TRUE,0,102,0,0.59,0,,,0,1,coal-ammonia-cofiring,170.01,0,TRUE,2040,40,188003.6418,0.38192,FALSE,0,0,0,0,0,1,0,0.4,0.4,1,1,1,0,0.18,93365.23973,0.45,
coal-ammonia-cofiring:GRIDREGION-JPN-HR,GRIDREGION-JPN-HR,PQ,coal-ammonia-cofiring,0,0,TRUE,0,257,0,0.6,0,,,0,1,coal-ammonia-cofiring,170.01,0,TRUE,2040,40,188003.6418,0.38192,FALSE,0,0,0,0,0,1,0,0.4,0.4,1,1,1,0,0.18,93365.23973,0.51,
coal-ammonia-cofiring:GRIDREGION-JPN-CB,GRIDREGION-JPN-CB,PQ,coal-ammonia-cofiring,1000,0,TRUE,1000,1000,0,0.63,0,,,0,1,coal-ammonia-cofiring,170.01,0,TRUE,2040,40,188003.6418,0.38192,FALSE,0,0,0,0,0,1,0,0.4,0.4,1,1,1,0,0.18,93365.23973,0.55,
coal-ammonia-cofiring:GRIDREGION-JPN-HK,GRIDREGION-JPN-HK,PQ,coal-ammonia-cofiring,700,0,TRUE,700,700,0,0.46,0,,,0,1,coal-ammonia-cofiring,170.01,0,TRUE,2040,40,188003.6418,0.38192,FALSE,0,0,0,0,0,1,0,0.4,0.4,1,1,1,0,0.18,93365.23973,0.34,0.34
coal-ammonia-cofiring:GRIDREGION-JPN-KA,GRIDREGION-JPN-KA,PQ,coal-ammonia-cofiring,1400,0,TRUE,1400,1400,0,0.6,0,,,0,1,coal-ammonia-cofiring,170.01,0,TRUE,2040,40,188003.6418,0.38192,FALSE,0,0,0,0,0,1,0,0.4,0.4,1,1,1,0,0.18,93365.23973,0.52,
coal-ammonia-cofiring:GRIDREGION-JPN-CG,GRIDREGION-JPN-CG,PQ,coal-ammonia-cofiring,0,0,TRUE,0,810,0,0.52,0,,,0,1,coal-ammonia-cofiring,170.01,0,TRUE,2040,40,188003.6418,0.38192,FALSE,0,0,0,0,0,1,0,0.4,0.4,1,1,1,0,0.18,93365.23973,0.41,
coal-ammonia-cofiring:GRIDREGION-JPN-TK,GRIDREGION-JPN-TK,PQ,coal-ammonia-cofiring,0,0,TRUE,0,997,0,0.62,0,,,0,1,coal-ammonia-cofiring,170.01,0,TRUE,2040,40,188003.6418,0.38192,FALSE,0,0,0,0,0,1,0,0.4,0.4,1,1,1,0,0.18,93365.23973,0.52,0.52
coal-ammonia-cofiring:GRIDREGION-JPN-TH,GRIDREGION-JPN-TH,PQ,coal-ammonia-cofiring,0,0,TRUE,0,405,0,0.57,0,,,0,1,coal-ammonia-cofiring,170.01,0,TRUE,2040,40,188003.6418,0.38192,FALSE,0,0,0,0,0,1,0,0.4,0.4,1,1,1,0,0.18,93365.23973,0.445,0.445
coal-ammonia-cofiring:GRIDREGION-JPN-KY,GRIDREGION-JPN-KY,PQ,coal-ammonia-cofiring,0,0,TRUE,0,372,0,0.51,0,,,0,1,coal-ammonia-cofiring,170.01,0,TRUE,2040,40,188003.6418,0.38192,FALSE,0,0,0,0,0,1,0,0.4,0.4,1,1,1,0,0.18,93365.23973,0.365,0.365
gas-hydrogen-cofiring:GRIDREGION-JPN-SH,GRIDREGION-JPN-SH,PQ,gas-hydrogen-cofiring,0,0,TRUE,0,67,0,1,0,,,0,1,gas-hydrogen-cofiring,113.5,0,TRUE,2040,40,172791.3297,0.549,FALSE,0,0,0,0,0,1,0,0.9,0.9,1,1,1,0,0.1584,79141.06703,0.7,0.085
gas-hydrogen-cofiring:GRIDREGION-JPN-HR,GRIDREGION-JPN-HR,PQ,gas-hydrogen-cofiring,0,0,TRUE,0,184,0,1,0,,,0,1,gas-hydrogen-cofiring,113.5,0,TRUE,2040,40,172791.3297,0.549,FALSE,0,0,0,0,0,1,0,0.9,0.9,1,1,1,0,0.1584,79141.06703,0.7,0.1
gas-hydrogen-cofiring:GRIDREGION-JPN-CB,GRIDREGION-JPN-CB,PQ,gas-hydrogen-cofiring,1200,0,TRUE,1200,1306,0,1,0,,,0,1,gas-hydrogen-cofiring,113.5,0,TRUE,2040,40,172791.3297,0.549,FALSE,0,0,0,0,0,1,0,0.9,0.9,1,1,1,0,0.1584,79141.06703,0.7,0.23
gas-hydrogen-cofiring:GRIDREGION-JPN-HK,GRIDREGION-JPN-HK,PQ,gas-hydrogen-cofiring,0,0,TRUE,0,437,0,1,0,,,0,1,gas-hydrogen-cofiring,113.5,0,TRUE,2040,40,172791.3297,0.549,FALSE,0,0,0,0,0,1,0,0.9,0.9,1,1,1,0,0.1584,79141.06703,0.7,0.14
gas-hydrogen-cofiring:GRIDREGION-JPN-KA,GRIDREGION-JPN-KA,PQ,gas-hydrogen-cofiring,0,0,TRUE,0,1448,0,1,0,,,0,1,gas-hydrogen-cofiring,113.5,0,TRUE,2040,40,172791.3297,0.549,FALSE,0,0,0,0,0,1,0,0.9,0.9,1,1,1,0,0.1584,79141.06703,0.7,0.225
gas-hydrogen-cofiring:GRIDREGION-JPN-CG,GRIDREGION-JPN-CG,PQ,gas-hydrogen-cofiring,0,0,TRUE,0,1056,0,1,0,,,0,1,gas-hydrogen-cofiring,113.5,0,TRUE,2040,40,172791.3297,0.549,FALSE,0,0,0,0,0,1,0,0.9,0.9,1,1,1,0,0.1584,79141.06703,0.7,0.05
gas-hydrogen-cofiring:GRIDREGION-JPN-TK,GRIDREGION-JPN-TK,PQ,gas-hydrogen-cofiring,0,0,TRUE,0,3779,0,1,0,,,0,1,gas-hydrogen-cofiring,113.5,0,TRUE,2040,40,172791.3297,0.549,FALSE,0,0,0,0,0,1,0,0.9,0.9,1,1,1,0,0.1584,79141.06703,0.7,0.16
gas-hydrogen-cofiring:GRIDREGION-JPN-TH,GRIDREGION-JPN-TH,PQ,gas-hydrogen-cofiring,0,0,TRUE,0,352,0,1,0,,,0,1,gas-hydrogen-cofiring,113.5,0,TRUE,2040,40,172791.3297,0.549,FALSE,0,0,0,0,0,1,0,0.9,0.9,1,1,1,0,0.1584,79141.06703,0.7,0.095
gas-hydrogen-cofiring:GRIDREGION-JPN-KY,GRIDREGION-JPN-KY,PQ,gas-hydrogen-cofiring,0,0,TRUE,0,316,0,1,0,,,0,1,gas-hydrogen-cofiring,113.5,0,TRUE,2040,40,172791.3297,0.549,FALSE,0,0,0,0,0,1,0,0.9,0.9,1,1,1,0,0.1584,79141.06703,0.7,0.04
coal-subcritical:GRIDREGION-JPN-HK,GRIDREGION-JPN-HK,PQ,coal-subcritical,534,0,FALSE,534,inf,0,0.46,0,,,0,1,coal-subcritical,99.58,0,TRUE,2040,40,188003.6418,0.384,FALSE,0,0,0,0,0,1,0,0.4,0.4,1,1,1,0,0.36,93365.23973,0.22,0.22
coal-subcritical:GRIDREGION-JPN-TH,GRIDREGION-JPN-TH,PQ,coal-subcritical,345,0,FALSE,345,inf,0,0.57,0,,,0,1,coal-subcritical,99.58,0,TRUE,2040,40,188003.6418,0.384,FALSE,0,0,0,0,0,1,0,0.4,0.4,1,1,1,0,0.36,93365.23973,0.29,0.29
coal-subcritical:GRIDREGION-JPN-TK,GRIDREGION-JPN-TK,PQ,coal-subcritical,133,0,FALSE,133,inf,0,0.62,0,,,0,1,coal-subcritical,99.58,0,TRUE,2040,40,188003.6418,0.384,FALSE,0,0,0,0,0,1,0,0.4,0.4,1,1,1,0,0.36,93365.23973,0.34,0.34
coal-subcritical:GRIDREGION-JPN-HR,GRIDREGION-JPN-HR,PQ,coal-subcritical,101,0,FALSE,101,inf,0,0.6,0,,,0,1,coal-subcritical,99.58,0,TRUE,2040,40,188003.6418,0.384,FALSE,0,0,0,0,0,1,0,0.4,0.4,1,1,1,0,0.36,93365.23973,0.34,
coal-subcritical:GRIDREGION-JPN-KA,GRIDREGION-JPN-KA,PQ,coal-subcritical,158,0,FALSE,158,inf,0,0.6,0,,,0,1,coal-subcritical,99.58,0,TRUE,2040,40,188003.6418,0.384,FALSE,0,0,0,0,0,1,0,0.4,0.4,1,1,1,0,0.36,93365.23973,0.34,
coal-subcritical:GRIDREGION-JPN-SH,GRIDREGION-JPN-SH,PQ,coal-subcritical,403,0,FALSE,403,inf,0,0.59,0,,,0,1,coal-subcritical,99.58,0,TRUE,2040,40,188003.6418,0.384,FALSE,0,0,0,0,0,1,0,0.4,0.4,1,1,1,0,0.36,93365.23973,0.3,
coal-subcritical:GRIDREGION-JPN-CG,GRIDREGION-JPN-CG,PQ,coal-subcritical,307,0,FALSE,307,inf,0,0.52,0,,,0,1,coal-subcritical,99.58,0,TRUE,2040,40,188003.6418,0.384,FALSE,0,0,0,0,0,1,0,0.4,0.4,1,1,1,0,0.36,93365.23973,0.27,
coal-subcritical:GRIDREGION-JPN-KY,GRIDREGION-JPN-KY,PQ,coal-subcritical,1045,0,FALSE,1045,inf,0,0.51,0,,,0,1,coal-subcritical,99.58,0,TRUE,2040,40,188003.6418,0.384,FALSE,0,0,0,0,0,1,0,0.4,0.4,1,1,1,0,0.36,93365.23973,0.24,0.24
coal-supercritical:GRIDREGION-JPN-HK,GRIDREGION-JPN-HK,PQ,coal-supercritical,440,0,FALSE,440,inf,0,0.46,0,,,0,1,coal-supercritical,88.11,0,TRUE,2040,40,188003.6418,0.434,FALSE,0,0,0,0,0,1,0,0.4,0.4,1,1,1,0,0.36,93365.23973,0.45,0.34
coal-supercritical:GRIDREGION-JPN-TH,GRIDREGION-JPN-TH,PQ,coal-supercritical,1456,0,FALSE,1456,inf,0,0.57,0,,,0,1,coal-supercritical,88.11,0,TRUE,2040,40,188003.6418,0.434,FALSE,0,0,0,0,0,1,0,0.4,0.4,1,1,1,0,0.36,93365.23973,0.58,0.445
coal-supercritical:GRIDREGION-JPN-TK,GRIDREGION-JPN-TK,PQ,coal-supercritical,2906,0,FALSE,2906,inf,0,0.62,0,,,0,1,coal-supercritical,88.11,0,TRUE,2040,40,188003.6418,0.434,FALSE,0,0,0,0,0,1,0,0.4,0.4,1,1,1,0,0.36,93365.23973,0.68,0.52
coal-supercritical:GRIDREGION-JPN-CB,GRIDREGION-JPN-CB,PQ,coal-supercritical,2027,0,FALSE,2027,inf,0,0.63,0,,,0,1,coal-supercritical,88.11,0,TRUE,2040,40,188003.6418,0.434,FALSE,0,0,0,0,0,1,0,0.4,0.4,1,1,1,0,0.36,93365.23973,0.72,
coal-supercritical:GRIDREGION-JPN-HR,GRIDREGION-JPN-HR,PQ,coal-supercritical,988,0,FALSE,988,inf,0,0.6,0,,,0,1,coal-supercritical,88.11,0,TRUE,2040,40,188003.6418,0.434,FALSE,0,0,0,0,0,1,0,0.4,0.4,1,1,1,0,0.36,93365.23973,0.67,
coal-supercritical:GRIDREGION-JPN-KA,GRIDREGION-JPN-KA,PQ,coal-supercritical,1500,0,FALSE,1500,inf,0,0.6,0,,,0,1,coal-supercritical,88.11,0,TRUE,2040,40,188003.6418,0.434,FALSE,0,0,0,0,0,1,0,0.4,0.4,1,1,1,0,0.36,93365.23973,0.68,
coal-supercritical:GRIDREGION-JPN-SH,GRIDREGION-JPN-SH,PQ,coal-supercritical,1047,0,FALSE,1047,inf,0,0.59,0,,,0,1,coal-supercritical,88.11,0,TRUE,2040,40,188003.6418,0.434,FALSE,0,0,0,0,0,1,0,0.4,0.4,1,1,1,0,0.36,93365.23973,0.59,
coal-supercritical:GRIDREGION-JPN-CG,GRIDREGION-JPN-CG,PQ,coal-supercritical,1810,0,FALSE,1810,inf,0,0.52,0,,,0,1,coal-supercritical,88.11,0,TRUE,2040,40,188003.6418,0.434,FALSE,0,0,0,0,0,1,0,0.4,0.4,1,1,1,0,0.36,93365.23973,0.54,
coal-supercritical:GRIDREGION-JPN-KY,GRIDREGION-JPN-KY,PQ,coal-supercritical,1684,0,FALSE,1684,inf,0,0.51,0,,,0,1,coal-supercritical,88.11,0,TRUE,2040,40,188003.6418,0.434,FALSE,0,0,0,0,0,1,0,0.4,0.4,1,1,1,0,0.36,93365.23973,0.48,0.365
gas-advanced-combined-cycle:GRIDREGION-JPN-TH,GRIDREGION-JPN-TH,PQ,gas-advanced-combined-cycle,158,0,FALSE,158,inf,0,1,0,,,0,1,gas-advanced-combined-cycle,88.98,0,TRUE,2040,40,172791.3297,0.5336,FALSE,0,0,0,0,0,1,0,0.9,0.9,1,1,1,0,0.198,79141.06703,0.7,0.095
gas-advanced-combined-cycle:GRIDREGION-JPN-TK,GRIDREGION-JPN-TK,PQ,gas-advanced-combined-cycle,3698,0,FALSE,3698,inf,0,1,0,,,0,1,gas-advanced-combined-cycle,88.98,0,TRUE,2040,40,172791.3297,0.5336,FALSE,0,0,0,0,0,1,0,0.9,0.9,1,1,1,0,0.198,79141.06703,0.7,0.16
gas-advanced-combined-cycle:GRIDREGION-JPN-CB,GRIDREGION-JPN-CB,PQ,gas-advanced-combined-cycle,2295,0,FALSE,2295,inf,0,1,0,,,0,1,gas-advanced-combined-cycle,88.98,0,TRUE,2040,40,172791.3297,0.5336,FALSE,0,0,0,0,0,1,0,0.9,0.9,1,1,1,0,0.198,79141.06703,0.7,0.23
gas-advanced-combined-cycle:GRIDREGION-JPN-KA,GRIDREGION-JPN-KA,PQ,gas-advanced-combined-cycle,453,0,FALSE,453,inf,0,1,0,,,0,1,gas-advanced-combined-cycle,88.98,0,TRUE,2040,40,172791.3297,0.5336,FALSE,0,0,0,0,0,1,0,0.9,0.9,1,1,1,0,0.198,79141.06703,0.7,0.225
gas-advanced-combined-cycle:GRIDREGION-JPN-SH,GRIDREGION-JPN-SH,PQ,gas-advanced-combined-cycle,141,0,FALSE,141,inf,0,1,0,,,0,1,gas-advanced-combined-cycle,88.98,0,TRUE,2040,40,172791.3297,0.5336,FALSE,0,0,0,0,0,1,0,0.9,0.9,1,1,1,0,0.198,79141.06703,0.7,0.085
gas-advanced-combined-cycle:GRIDREGION-JPN-CG,GRIDREGION-JPN-CG,PQ,gas-advanced-combined-cycle,260,0,FALSE,260,inf,0,1,0,,,0,1,gas-advanced-combined-cycle,88.98,0,TRUE,2040,40,172791.3297,0.5336,FALSE,0,0,0,0,0,1,0,0.9,0.9,1,1,1,0,0.198,79141.06703,0.7,0.05
gas-combined-cycle:GRIDREGION-JPN-TH,GRIDREGION-JPN-TH,PQ,gas-combined-cycle,386,0,FALSE,386,inf,0,1,0,,,0,1,gas-combined-cycle,104.26,0,TRUE,2040,40,172791.3297,0.4554,FALSE,0,0,0,0,0,1,0,0.9,0.9,1,1,1,0,0.198,79141.06703,0.7,0.095
gas-combined-cycle:GRIDREGION-JPN-TK,GRIDREGION-JPN-TK,PQ,gas-combined-cycle,964,0,FALSE,964,inf,0,1,0,,,0,1,gas-combined-cycle,104.26,0,TRUE,2040,40,172791.3297,0.4554,FALSE,0,0,0,0,0,1,0,0.9,0.9,1,1,1,0,0.198,79141.06703,0.7,0.16
gas-combined-cycle:GRIDREGION-JPN-CB,GRIDREGION-JPN-CB,PQ,gas-combined-cycle,706,0,FALSE,706,inf,0,1,0,,,0,1,gas-combined-cycle,104.26,0,TRUE,2040,40,172791.3297,0.4554,FALSE,0,0,0,0,0,1,0,0.9,0.9,1,1,1,0,0.198,79141.06703,0.7,0.23
gas-combined-cycle:GRIDREGION-JPN-KA,GRIDREGION-JPN-KA,PQ,gas-combined-cycle,123,0,FALSE,123,inf,0,1,0,,,0,1,gas-combined-cycle,104.26,0,TRUE,2040,40,172791.3297,0.4554,FALSE,0,0,0,0,0,1,0,0.9,0.9,1,1,1,0,0.198,79141.06703,0.7,0.225
gas-combined-cycle:GRIDREGION-JPN-SH,GRIDREGION-JPN-SH,PQ,gas-combined-cycle,100,0,FALSE,100,inf,0,1,0,,,0,1,gas-combined-cycle,104.26,0,TRUE,2040,40,172791.3297,0.4554,FALSE,0,0,0,0,0,1,0,0.9,0.9,1,1,1,0,0.198,79141.06703,0.7,0.085
gas-combined-cycle:GRIDREGION-JPN-KY,GRIDREGION-JPN-KY,PQ,gas-combined-cycle,745,0,FALSE,745,inf,0,1,0,,,0,1,gas-combined-cycle,104.26,0,TRUE,2040,40,172791.3297,0.4554,FALSE,0,0,0,0,0,1,0,0.9,0.9,1,1,1,0,0.198,79141.06703,0.7,0.04
gas-conventional:GRIDREGION-JPN-HK,GRIDREGION-JPN-HK,PQ,gas-conventional,34,0,FALSE,34,inf,0,1,0,,,0,1,gas-conventional,121.53,0,TRUE,2040,40,172791.3297,0.3907,FALSE,0,0,0,0,0,1,0,0.9,0.9,1,1,1,0,0.198,79141.06703,0.7,0.14
gas-conventional:GRIDREGION-JPN-TH,GRIDREGION-JPN-TH,PQ,gas-conventional,283,0,FALSE,283,inf,0,1,0,,,0,1,gas-conventional,121.53,0,TRUE,2040,40,172791.3297,0.3907,FALSE,0,0,0,0,0,1,0,0.9,0.9,1,1,1,0,0.198,79141.06703,0.7,0.095
gas-conventional:GRIDREGION-JPN-TK,GRIDREGION-JPN-TK,PQ,gas-conventional,1506,0,FALSE,1506,inf,0,1,0,,,0,1,gas-conventional,121.53,0,TRUE,2040,40,172791.3297,0.3907,FALSE,0,0,0,0,0,1,0,0.9,0.9,1,1,1,0,0.198,79141.06703,0.7,0.16
gas-conventional:GRIDREGION-JPN-CB,GRIDREGION-JPN-CB,PQ,gas-conventional,578,0,FALSE,578,inf,0,1,0,,,0,1,gas-conventional,121.53,0,TRUE,2040,40,172791.3297,0.3907,FALSE,0,0,0,0,0,1,0,0.9,0.9,1,1,1,0,0.198,79141.06703,0.7,0.23
gas-conventional:GRIDREGION-JPN-HR,GRIDREGION-JPN-HR,PQ,gas-conventional,185,0,FALSE,185,inf,0,1,0,,,0,1,gas-conventional,121.53,0,TRUE,2040,40,172791.3297,0.3907,FALSE,0,0,0,0,0,1,0,0.9,0.9,1,1,1,0,0.198,79141.06703,0.7,0.1
gas-conventional:GRIDREGION-JPN-KA,GRIDREGION-JPN-KA,PQ,gas-conventional,849,0,FALSE,849,inf,0,1,0,,,0,1,gas-conventional,121.53,0,TRUE,2040,40,172791.3297,0.3907,FALSE,0,0,0,0,0,1,0,0.9,0.9,1,1,1,0,0.198,79141.06703,0.7,0.225
gas-conventional:GRIDREGION-JPN-SH,GRIDREGION-JPN-SH,PQ,gas-conventional,98,0,FALSE,98,inf,0,1,0,,,0,1,gas-conventional,121.53,0,TRUE,2040,40,172791.3297,0.3907,FALSE,0,0,0,0,0,1,0,0.9,0.9,1,1,1,0,0.198,79141.06703,0.7,0.085
gas-conventional:GRIDREGION-JPN-CG,GRIDREGION-JPN-CG,PQ,gas-conventional,304,0,FALSE,304,inf,0,1,0,,,0,1,gas-conventional,121.53,0,TRUE,2040,40,172791.3297,0.3907,FALSE,0,0,0,0,0,1,0,0.9,0.9,1,1,1,0,0.198,79141.06703,0.7,0.05
gas-conventional:GRIDREGION-JPN-KY,GRIDREGION-JPN-KY,PQ,gas-conventional,453,0,FALSE,453,inf,0,1,0,,,0,1,gas-conventional,121.53,0,TRUE,2040,40,172791.3297,0.3907,FALSE,0,0,0,0,0,1,0,0.9,0.9,1,1,1,0,0.198,79141.06703,0.7,0.04
gas-more-advanced-combined-cycle:GRIDREGION-JPN-HK,GRIDREGION-JPN-HK,PQ,gas-more-advanced-combined-cycle,217,0,FALSE,217,inf,0,1,0,,,0,1,gas-more-advanced-combined-cycle,86.49,0,TRUE,2040,40,172791.3297,0.549,FALSE,0,0,0,0,0,1,0,0.9,0.9,1,1,1,0,0.198,79141.06703,0.7,0.14
gas-more-advanced-combined-cycle:GRIDREGION-JPN-TH,GRIDREGION-JPN-TH,PQ,gas-more-advanced-combined-cycle,1039,0,FALSE,1039,inf,0,1,0,,,0,1,gas-more-advanced-combined-cycle,86.49,0,TRUE,2040,40,172791.3297,0.549,FALSE,0,0,0,0,0,1,0,0.9,0.9,1,1,1,0,0.198,79141.06703,0.7,0.095
gas-more-advanced-combined-cycle:GRIDREGION-JPN-TK,GRIDREGION-JPN-TK,PQ,gas-more-advanced-combined-cycle,6022,0,FALSE,6022,inf,0,1,0,,,0,1,gas-more-advanced-combined-cycle,86.49,0,TRUE,2040,40,172791.3297,0.549,FALSE,0,0,0,0,0,1,0,0.9,0.9,1,1,1,0,0.198,79141.06703,0.7,0.16
gas-more-advanced-combined-cycle:GRIDREGION-JPN-CB,GRIDREGION-JPN-CB,PQ,gas-more-advanced-combined-cycle,2625,0,FALSE,2625,inf,0,1,0,,,0,1,gas-more-advanced-combined-cycle,86.49,0,TRUE,2040,40,172791.3297,0.549,FALSE,0,0,0,0,0,1,0,0.9,0.9,1,1,1,0,0.198,79141.06703,0.7,0.23
gas-more-advanced-combined-cycle:GRIDREGION-JPN-HR,GRIDREGION-JPN-HR,PQ,gas-more-advanced-combined-cycle,159,0,FALSE,159,inf,0,1,0,,,0,1,gas-more-advanced-combined-cycle,86.49,0,TRUE,2040,40,172791.3297,0.549,FALSE,0,0,0,0,0,1,0,0.9,0.9,1,1,1,0,0.198,79141.06703,0.7,0.1
gas-more-advanced-combined-cycle:GRIDREGION-JPN-KA,GRIDREGION-JPN-KA,PQ,gas-more-advanced-combined-cycle,2092,0,FALSE,2092,inf,0,1,0,,,0,1,gas-more-advanced-combined-cycle,86.49,0,TRUE,2040,40,172791.3297,0.549,FALSE,0,0,0,0,0,1,0,0.9,0.9,1,1,1,0,0.198,79141.06703,0.7,0.225
gas-more-advanced-combined-cycle:GRIDREGION-JPN-CG,GRIDREGION-JPN-CG,PQ,gas-more-advanced-combined-cycle,364,0,FALSE,364,inf,0,1,0,,,0,1,gas-more-advanced-combined-cycle,86.49,0,TRUE,2040,40,172791.3297,0.549,FALSE,0,0,0,0,0,1,0,0.9,0.9,1,1,1,0,0.198,79141.06703,0.7,0.05
gas-more-advanced-combined-cycle:GRIDREGION-JPN-KY,GRIDREGION-JPN-KY,PQ,gas-more-advanced-combined-cycle,400,0,FALSE,400,inf,0,1,0,,,0,1,gas-more-advanced-combined-cycle,86.49,0,TRUE,2040,40,172791.3297,0.549,FALSE,0,0,0,0,0,1,0,0.9,0.9,1,1,1,0,0.198,79141.06703,0.7,0.04
