Country,Technology,Year,CapitalCost,FixedCost,VariableCost
IDN,lithium-ion,2023,471266.80700000003,15000.0,2.0
IDN,lithium-ion,2030,327923.183,10500.0,1.8
IDN,lithium-ion,2050,229081.019,7350.0,1.6
IDN,biogas,2023,2450000.0,110580.0,0.13
IDN,biogas,2030,2080000.0,101700.0,0.12
IDN,biogas,2050,1840000.0,88500.0,0.1
IDN,biomass,2023,2280000.0,54000.0,3.4
IDN,biomass,2030,2069999.9999999998,49700.0,3.13
IDN,biomass,2050,1820000.0,43200.0,2.72
IDN,integrated-gasification-combined-cycle,2023,2730000.0,68400.0,13.7
IDN,integrated-gasification-combined-cycle,2030,2510000.0,66300.0,13.3
IDN,integrated-gasification-combined-cycle,2050,2320000.0,64300.0,12.9
IDN,coal-ccs,2023,4770000.0,123000.0,22.0
IDN,coal-ccs,2030,4290000.0,121800.0,21.78
IDN,coal-ccs,2050,3430000.0,116900.0,21.12
IDN,subcritical,2023,1880000.0,51600.0,1.5
IDN,subcritical,2030,1820000.0,50000.0,1.45
IDN,subcritical,2050,1760000.0,48550.0,1.4
IDN,supercritical,2023,1600000.0,47000.0,1.4
IDN,supercritical,2030,1550000.0,45600.0,1.35
IDN,supercritical,2050,1500000.0,44100.0,1.3
IDN,coal-ccs,2023,3840000.0,97000.0,3.1
IDN,coal-ccs,2030,3460000.0,90200.0,2.9
IDN,coal-ccs,2050,2770000.0,72800.0,2.6
IDN,ultrasupercritical,2023,1730000.0,64500.0,1.25
IDN,ultrasupercritical,2030,1680000.0,62500.0,1.2
IDN,ultrasupercritical,2050,1630000.0,60600.0,1.15
IDN,combined-cycle,2023,1090000.0,26800.0,2.6
IDN,combined-cycle,2030,1040000.0,26000.0,2.5
IDN,combined-cycle,2050,960000.0,25200.0,2.4
IDN,gas-ccs,2023,2390000.0,59000.0,4.96
IDN,gas-ccs,2030,2150000.0,50200.0,4.36
IDN,gas-ccs,2050,1720000.0,37800.0,3.62
IDN,open-cycle-gas-turbine,2023,1120000.0,26500.0,3.6
IDN,open-cycle-gas-turbine,2030,1060000.0,25700.0,3.5
IDN,open-cycle-gas-turbine,2050,990000.0,24900.0,3.4
IDN,geothermal-binary-cycle,2023,5500000.0,145000.0,0.39
IDN,geothermal-binary-cycle,2030,5500000.0,145000.0,0.39
IDN,geothermal-binary-cycle,2050,4950000.0,130500.0,0.35
IDN,geothermal-flash-steam-unspecified,2023,4400000.0,110000.0,0.27
IDN,geothermal-flash-steam-unspecified,2030,4400000.0,110000.0,0.27
IDN,geothermal-flash-steam-unspecified,2050,3960000.0,99000.0,0.24
IDN,hydro-unspecified,2023,2200000.0,43000.0,0.74
IDN,hydro-unspecified,2030,2110000.0,41000.0,0.71
IDN,hydro-unspecified,2050,1960000.0,38000.0,0.66
IDN,hydro-unspecified,2023,2700000.0,60400.0,0.57
IDN,hydro-unspecified,2030,2590000.0,58000.0,0.55
IDN,hydro-unspecified,2050,2400000.0,54000.0,0.51
IDN,hydro-pumped-storage,2023,1200000.0,18700.0,0.94
IDN,hydro-pumped-storage,2030,1200000.0,18700.0,0.94
IDN,hydro-pumped-storage,2050,1200000.0,18700.0,0.94
IDN,hydro-unspecified,2023,2500000.0,47800.0,0.57
IDN,hydro-unspecified,2030,2400000.0,45800.0,0.55
IDN,hydro-unspecified,2050,2230000.0,42500.0,0.51
IDN,waste,2023,2900000.0,142500.0,15.4
IDN,waste,2030,2900000.0,142500.0,15.4
IDN,waste,2050,2900000.0,142500.0,15.4
IDN,waste,2023,5970000.0,277818.0,27.5
IDN,waste,2030,5520000.0,238288.0,24.8
IDN,waste,2050,4940000.0,205110.0,23.9
IDN,pressurized-water-reactor,2023,9000000.0,127000.0,2.4
IDN,pressurized-water-reactor,2030,7900000.0,120000.0,2.3
IDN,pressurized-water-reactor,2050,6800000.0,113000.0,2.2
IDN,small-modular-reactor,2023,9600000.0,110000.0,2.2
IDN,small-modular-reactor,2030,9600000.0,110000.0,2.2
IDN,small-modular-reactor,2050,7300000.0,102000.0,2.1
IDN,petroleum-products-internal-combustion-engine,2023,910000.0,9120.0,7.3
IDN,petroleum-products-internal-combustion-engine,2030,910000.0,9120.0,6.84
IDN,petroleum-products-internal-combustion-engine,2050,890000.0,8847.0,6.61
IDN,photovoltaic-unspecified,2023,1200000.0,4900.0,0.0
IDN,photovoltaic-unspecified,2030,840000.0,4400.0,0.0
IDN,photovoltaic-unspecified,2050,600000.0,3900.0,0.0
IDN,photovoltaic-unspecified,2023,960000.0,7500.0,0.0
IDN,photovoltaic-unspecified,2030,672000.0,6800.0,0.0
IDN,photovoltaic-unspecified,2050,480000.0,6100.0,0.0
IDN,,2023,0.0,,
IDN,,2023,0.0,,
IDN,wind-offshore-unspecified,2023,4099999.9999999995,118768.0,5.5
IDN,wind-offshore-unspecified,2030,3570000.0,99791.0,4.8
IDN,wind-offshore-unspecified,2050,2870000.0,81290.0,3.9
IDN,wind-offshore-floating,2023,5500000.0,155000.0,0.0
IDN,wind-offshore-floating,2030,4000000.0,125000.0,0.0
IDN,wind-offshore-floating,2050,3000000.0,65000.0,0.0
IDN,wind-onshore,2023,1650000.0,40000.0,0.0
IDN,wind-onshore,2030,1200000.0,36000.0,0.0
IDN,wind-onshore,2050,950000.0,30000.0,0.0
VNM,lithium-ion,2023,578000.0,621.0,2.3
VNM,lithium-ion,2030,264000.0,311.0,2.07
VNM,lithium-ion,2050,157000.0,155.0,1.84
VNM,biogas,2023,2900000.0,100800.0,0.11
VNM,biogas,2030,2700000.0,92700.0,0.1
VNM,biogas,2050,2300000.0,80700.0,0.1
VNM,biomass,2023,1800000.0,49500.0,3.2
VNM,biomass,2030,1600000.0,45500.0,2.9
VNM,biomass,2050,1400000.0,39600.0,2.5
VNM,integrated-gasification-combined-cycle,2023,2730000.0,68400.0,13.7
VNM,integrated-gasification-combined-cycle,2030,2510000.0,66300.0,13.3
VNM,integrated-gasification-combined-cycle,2050,2320000.0,64300.0,12.9
VNM,coal-ccs,2023,4770000.0,123000.0,22.0
VNM,coal-ccs,2030,4290000.0,121800.0,21.78
VNM,coal-ccs,2050,3430000.0,116900.0,21.12
VNM,subcritical,2023,1880000.0,51600.0,1.5
VNM,subcritical,2030,1820000.0,50000.0,1.45
VNM,subcritical,2050,1760000.0,48550.0,1.4
VNM,supercritical,2023,1460000.0,39600.0,0.78
VNM,supercritical,2030,1450000.0,38500.0,0.12
VNM,supercritical,2050,1420000.0,37200.0,0.12
VNM,coal-ccs,2023,3490000.0,83100.0,4.0
VNM,coal-ccs,2030,3310000.0,80600.0,3.25
VNM,coal-ccs,2050,2900000.0,78100.0,3.15
VNM,ultrasupercritical,2023,1630000.0,61100.0,0.12
VNM,ultrasupercritical,2030,1610000.0,59400.0,0.12
VNM,ultrasupercritical,2050,1600000.0,57500.0,0.11
VNM,combined-cycle,2023,770000.0,29350.0,0.45
VNM,combined-cycle,2030,690000.0,28500.0,0.13
VNM,combined-cycle,2050,680000.0,27600.0,0.12
VNM,gas-ccs,2023,1970000.0,38750.0,1.7
VNM,gas-ccs,2030,1700000.0,37500.0,1.34
VNM,gas-ccs,2050,1460000.0,36400.0,1.29
VNM,open-cycle-gas-turbine,2023,610000.0,24100.0,0.0
VNM,open-cycle-gas-turbine,2030,590000.0,23400.0,0.0
VNM,open-cycle-gas-turbine,2050,560000.0,22700.0,0.0
VNM,geothermal-binary-cycle,2023,4700000.0,20800.0,0.38
VNM,geothermal-binary-cycle,2030,4400000.0,19200.0,0.36
VNM,geothermal-binary-cycle,2050,4000000.0,17600.0,0.33
VNM,geothermal-flash-steam-unspecified,2023,3600000.0,18700.0,0.26
VNM,geothermal-flash-steam-unspecified,2030,3400000.0,17400.0,0.24
VNM,geothermal-flash-steam-unspecified,2050,3100000.0,15800.0,0.22
VNM,hydro-unspecified,2023,1500000.0,37700.0,0.65
VNM,hydro-unspecified,2030,1500000.0,35800.0,0.62
VNM,hydro-unspecified,2050,1500000.0,33600.0,0.58
VNM,hydro-unspecified,2023,2700000.0,60400.0,0.57
VNM,hydro-unspecified,2030,2592000.0,58000.0,0.5472
VNM,hydro-unspecified,2050,2403000.0,54000.0,0.5073
VNM,hydro-pumped-storage,2023,890000.0,8320.0,1.4
VNM,hydro-pumped-storage,2030,890000.0,8320.0,1.4
VNM,hydro-pumped-storage,2050,890000.0,8320.0,1.4
VNM,hydro-unspecified,2023,1750000.0,41900.0,0.5
VNM,hydro-unspecified,2030,1750000.0,39800.0,0.48
VNM,hydro-unspecified,2050,1750000.0,37300.0,0.45
VNM,waste,2023,2600000.0,130000.0,0.0
VNM,waste,2030,2600000.0,130000.0,0.0
VNM,waste,2050,2600000.0,130000.0,0.0
VNM,waste,2023,5600000.0,253400.0,25.1
VNM,waste,2030,5200000.0,233700.0,24.3
VNM,waste,2050,4600000.0,201200.0,23.5
VNM,pressurized-water-reactor,2023,9000000.0,127000.0,2.4
VNM,pressurized-water-reactor,2030,7900000.0,120000.0,2.3
VNM,pressurized-water-reactor,2050,6800000.0,113000.0,2.2
VNM,small-modular-reactor,2023,9600000.0,110000.0,2.2
VNM,small-modular-reactor,2030,9600000.0,110000.0,2.2
VNM,small-modular-reactor,2050,7300000.0,102000.0,2.1
VNM,petroleum-products-internal-combustion-engine,2023,600000.0,10000.0,6.5
VNM,petroleum-products-internal-combustion-engine,2030,580000.0,9500.0,6.0
VNM,petroleum-products-internal-combustion-engine,2050,550000.0,9000.0,5.5
VNM,photovoltaic-unspecified,2023,1000000.0,14800.0,0.0
VNM,photovoltaic-unspecified,2030,710000.0,10000.0,0.0
VNM,photovoltaic-unspecified,2050,520000.0,8000.0,0.0
VNM,photovoltaic-unspecified,2023,930000.0,15500.0,0.0
VNM,photovoltaic-unspecified,2030,660000.0,10000.0,0.0
VNM,photovoltaic-unspecified,2050,480000.0,8000.0,0.0
VNM,,2023,0.0,,
VNM,,2023,0.0,,
VNM,wind-offshore-unspecified,2023,3150000.0,70000.0,5.0
VNM,wind-offshore-unspecified,2030,2150000.0,42000.0,3.1
VNM,wind-offshore-unspecified,2050,1700000.0,39000.0,2.7
VNM,wind-offshore-floating,2023,5500000.0,155000.0,0.0
VNM,wind-offshore-floating,2030,2650000.0,125000.0,0.0
VNM,wind-offshore-floating,2050,2000000.0,65000.0,0.0
VNM,wind-onshore,2023,1500000.0,42000.0,3.5
VNM,wind-onshore,2030,1280000.0,36000.0,2.8
VNM,wind-onshore,2050,1080000.0,28000.0,2.3
BRN,lithium-ion,2023,519699.06499999994,,2.126
BRN,lithium-ion,2030,289764.27999999997,,1.9134
BRN,lithium-ion,2050,188162.674,,1.7008
BRN,biogas,2023,2647250.0,,0.11765
BRN,biogas,2030,2372362.5,,0.107614
BRN,biogas,2050,2050437.5000000002,,0.10036
BRN,biomass,2023,1996200.0,,3.245
BRN,biomass,2030,1796782.0,,2.96252
BRN,biomass,2050,1576160.0,,2.5648
BRN,integrated-gasification-combined-cycle,2023,2689050.0,,13.4945
BRN,integrated-gasification-combined-cycle,2030,2472350.0,,13.1005
BRN,integrated-gasification-combined-cycle,2050,2285200.0,,12.7065
BRN,coal-ccs,2023,4698450.0,,21.67
BRN,coal-ccs,2030,4225650.0,,21.4533
BRN,coal-ccs,2050,3378550.0,,20.8032
BRN,subcritical,2023,1851800.0,,1.4775
BRN,subcritical,2030,1792700.0,,1.42825
BRN,subcritical,2050,1733600.0,,1.379
BRN,supercritical,2023,1503200.0,,1.0566
BRN,supercritical,2030,1474750.0,,0.69015
BRN,supercritical,2050,1435900.0,,0.6669
BRN,coal-ccs,2023,3600400.0,,3.5215
BRN,coal-ccs,2030,3330100.0,,3.0385
BRN,coal-ccs,2050,2796050.0,,2.847
BRN,ultrasupercritical,2023,1652050.0,,0.64365
BRN,ultrasupercritical,2030,1618400.0,,0.6204
BRN,ultrasupercritical,2050,1589950.0,,0.59195
BRN,combined-cycle,2023,907250.0,,1.443
BRN,combined-cycle,2030,840307.5,,1.2301
BRN,combined-cycle,2050,799628.0,,1.1784
BRN,gas-ccs,2023,2135750.0,,3.1904
BRN,gas-ccs,2030,1883750.0,,2.7242
BRN,gas-ccs,2050,1559000.0,,2.3541
BRN,open-cycle-gas-turbine,2023,838000.0,,1.674
BRN,open-cycle-gas-turbine,2030,801560.0,,1.6275
BRN,open-cycle-gas-turbine,2050,749504.0,,1.581
BRN,geothermal-binary-cycle,2023,5001500.0,,0.37895
BRN,geothermal-binary-cycle,2030,4845500.0,,0.36855
BRN,geothermal-binary-cycle,2050,4381750.0,,0.334815
BRN,geothermal-flash-steam-unspecified,2023,3918000.0,,0.26075
BRN,geothermal-flash-steam-unspecified,2030,3814000.0,,0.25035
BRN,geothermal-flash-steam-unspecified,2050,3453400.0,,0.226
BRN,hydro-unspecified,2023,1803000.0,,0.6821
BRN,hydro-unspecified,2030,1762080.0,,0.65255
BRN,hydro-unspecified,2050,1690470.0,,0.6085
BRN,hydro-unspecified,2023,2659500.0,,0.56145
BRN,hydro-unspecified,2030,2553120.0,,0.538992
BRN,hydro-unspecified,2050,2366955.0,,0.4996905
BRN,hydro-pumped-storage,2023,1020799.9999999999,,1.162775
BRN,hydro-pumped-storage,2030,1020799.9999999999,,1.162775
BRN,hydro-pumped-storage,2050,1020799.9999999999,,1.162775
BRN,hydro-unspecified,2023,2072499.9999999998,,0.52505
BRN,hydro-unspecified,2030,2025999.9999999998,,0.504048
BRN,hydro-unspecified,2050,1944625.0,,0.472545
BRN,waste,2023,2700500.0,,7.161
BRN,waste,2030,2700500.0,,7.161
BRN,waste,2050,2700500.0,,7.161
BRN,waste,2023,5688050.0,,25.8395
BRN,waste,2030,5270735.829999999,,24.168
BRN,waste,2050,4690569.4,,23.3335
BRN,pressurized-water-reactor,2023,8865000.0,,2.364
BRN,pressurized-water-reactor,2030,7781500.0,,2.2655
BRN,pressurized-water-reactor,2050,6698000.0,,2.167
BRN,small-modular-reactor,2023,9456000.0,,2.167
BRN,small-modular-reactor,2030,9456000.0,,2.167
BRN,small-modular-reactor,2050,7190500.0,,2.0685
BRN,petroleum-products-internal-combustion-engine,2023,736080.0,,6.77264
BRN,petroleum-products-internal-combustion-engine,2030,725680.0,,6.3006
BRN,petroleum-products-internal-combustion-engine,2050,699478.0,,5.93458
BRN,photovoltaic-unspecified,2023,1078000.0,,0.0
BRN,photovoltaic-unspecified,2030,759800.0,,0.0
BRN,photovoltaic-unspecified,2050,549400.0,,0.0
BRN,photovoltaic-unspecified,2023,930000.0,,0.0
BRN,photovoltaic-unspecified,2030,655680.0,,0.0
BRN,photovoltaic-unspecified,2050,472800.0,,0.0
BRN,,2023,2101991.0,,
BRN,,2023,3503318.333,,
BRN,wind-offshore-unspecified,2023,3544500.0,,5.1575
BRN,wind-offshore-unspecified,2030,2776655.0,,3.844
BRN,wind-offshore-unspecified,2050,2218550.0,,3.2175
BRN,wind-offshore-floating,2023,5417500.0,,0.0
BRN,wind-offshore-floating,2030,3238000.0,,0.0
BRN,wind-offshore-floating,2050,2435000.0,,0.0
BRN,wind-onshore,2023,1547250.0,,1.82
BRN,wind-onshore,2030,1223600.0,,1.456
BRN,wind-onshore,2050,1003350.0,,1.196
KHM,lithium-ion,2023,519699.06499999994,,2.126
KHM,lithium-ion,2030,289764.27999999997,,1.9134
KHM,lithium-ion,2050,188162.674,,1.7008
KHM,biogas,2023,2647250.0,,0.11765
KHM,biogas,2030,2372362.5,,0.107614
KHM,biogas,2050,2050437.5000000002,,0.10036
KHM,biomass,2023,1996200.0,,3.245
KHM,biomass,2030,1796782.0,,2.96252
KHM,biomass,2050,1576160.0,,2.5648
KHM,integrated-gasification-combined-cycle,2023,2689050.0,,13.4945
KHM,integrated-gasification-combined-cycle,2030,2472350.0,,13.1005
KHM,integrated-gasification-combined-cycle,2050,2285200.0,,12.7065
KHM,coal-ccs,2023,4698450.0,,21.67
KHM,coal-ccs,2030,4225650.0,,21.4533
KHM,coal-ccs,2050,3378550.0,,20.8032
KHM,subcritical,2023,1851800.0,,1.4775
KHM,subcritical,2030,1792700.0,,1.42825
KHM,subcritical,2050,1733600.0,,1.379
KHM,supercritical,2023,1503200.0,,1.0566
KHM,supercritical,2030,1474750.0,,0.69015
KHM,supercritical,2050,1435900.0,,0.6669
KHM,coal-ccs,2023,3600400.0,,3.5215
KHM,coal-ccs,2030,3330100.0,,3.0385
KHM,coal-ccs,2050,2796050.0,,2.847
KHM,ultrasupercritical,2023,1652050.0,,0.64365
KHM,ultrasupercritical,2030,1618400.0,,0.6204
KHM,ultrasupercritical,2050,1589950.0,,0.59195
KHM,combined-cycle,2023,907250.0,,1.443
KHM,combined-cycle,2030,840307.5,,1.2301
KHM,combined-cycle,2050,799628.0,,1.1784
KHM,gas-ccs,2023,2135750.0,,3.1904
KHM,gas-ccs,2030,1883750.0,,2.7242
KHM,gas-ccs,2050,1559000.0,,2.3541
KHM,open-cycle-gas-turbine,2023,838000.0,,1.674
KHM,open-cycle-gas-turbine,2030,801560.0,,1.6275
KHM,open-cycle-gas-turbine,2050,749504.0,,1.581
KHM,geothermal-binary-cycle,2023,5001500.0,,0.37895
KHM,geothermal-binary-cycle,2030,4845500.0,,0.36855
KHM,geothermal-binary-cycle,2050,4381750.0,,0.334815
KHM,geothermal-flash-steam-unspecified,2023,3918000.0,,0.26075
KHM,geothermal-flash-steam-unspecified,2030,3814000.0,,0.25035
KHM,geothermal-flash-steam-unspecified,2050,3453400.0,,0.226
KHM,hydro-unspecified,2023,1803000.0,,0.6821
KHM,hydro-unspecified,2030,1762080.0,,0.65255
KHM,hydro-unspecified,2050,1690470.0,,0.6085
KHM,hydro-unspecified,2023,2659500.0,,0.56145
KHM,hydro-unspecified,2030,2553120.0,,0.538992
KHM,hydro-unspecified,2050,2366955.0,,0.4996905
KHM,hydro-pumped-storage,2023,1020799.9999999999,,1.162775
KHM,hydro-pumped-storage,2030,1020799.9999999999,,1.162775
KHM,hydro-pumped-storage,2050,1020799.9999999999,,1.162775
KHM,hydro-unspecified,2023,2072499.9999999998,,0.52505
KHM,hydro-unspecified,2030,2025999.9999999998,,0.504048
KHM,hydro-unspecified,2050,1944625.0,,0.472545
KHM,waste,2023,2700500.0,,7.161
KHM,waste,2030,2700500.0,,7.161
KHM,waste,2050,2700500.0,,7.161
KHM,waste,2023,5688050.0,,25.8395
KHM,waste,2030,5270735.829999999,,24.168
KHM,waste,2050,4690569.4,,23.3335
KHM,pressurized-water-reactor,2023,8865000.0,,2.364
KHM,pressurized-water-reactor,2030,7781500.0,,2.2655
KHM,pressurized-water-reactor,2050,6698000.0,,2.167
KHM,small-modular-reactor,2023,9456000.0,,2.167
KHM,small-modular-reactor,2030,9456000.0,,2.167
KHM,small-modular-reactor,2050,7190500.0,,2.0685
KHM,petroleum-products-internal-combustion-engine,2023,736080.0,,6.77264
KHM,petroleum-products-internal-combustion-engine,2030,725680.0,,6.3006
KHM,petroleum-products-internal-combustion-engine,2050,699478.0,,5.93458
KHM,photovoltaic-unspecified,2023,1078000.0,,0.0
KHM,photovoltaic-unspecified,2030,759800.0,,0.0
KHM,photovoltaic-unspecified,2050,549400.0,,0.0
KHM,photovoltaic-unspecified,2023,930000.0,,0.0
KHM,photovoltaic-unspecified,2030,655680.0,,0.0
KHM,photovoltaic-unspecified,2050,472800.0,,0.0
KHM,,2023,2101991.0,,
KHM,,2023,3503318.333,,
KHM,wind-offshore-unspecified,2023,3544500.0,,5.1575
KHM,wind-offshore-unspecified,2030,2776655.0,,3.844
KHM,wind-offshore-unspecified,2050,2218550.0,,3.2175
KHM,wind-offshore-floating,2023,5417500.0,,0.0
KHM,wind-offshore-floating,2030,3238000.0,,0.0
KHM,wind-offshore-floating,2050,2435000.0,,0.0
KHM,wind-onshore,2023,1547250.0,,1.82
KHM,wind-onshore,2030,1223600.0,,1.456
KHM,wind-onshore,2050,1003350.0,,1.196
LAO,lithium-ion,2023,519699.06499999994,,2.126
LAO,lithium-ion,2030,289764.27999999997,,1.9134
LAO,lithium-ion,2050,188162.674,,1.7008
LAO,biogas,2023,2647250.0,,0.11765
LAO,biogas,2030,2372362.5,,0.107614
LAO,biogas,2050,2050437.5000000002,,0.10036
LAO,biomass,2023,1996200.0,,3.245
LAO,biomass,2030,1796782.0,,2.96252
LAO,biomass,2050,1576160.0,,2.5648
LAO,integrated-gasification-combined-cycle,2023,2689050.0,,13.4945
LAO,integrated-gasification-combined-cycle,2030,2472350.0,,13.1005
LAO,integrated-gasification-combined-cycle,2050,2285200.0,,12.7065
LAO,coal-ccs,2023,4698450.0,,21.67
LAO,coal-ccs,2030,4225650.0,,21.4533
LAO,coal-ccs,2050,3378550.0,,20.8032
LAO,subcritical,2023,1851800.0,,1.4775
LAO,subcritical,2030,1792700.0,,1.42825
LAO,subcritical,2050,1733600.0,,1.379
LAO,supercritical,2023,1503200.0,,1.0566
LAO,supercritical,2030,1474750.0,,0.69015
LAO,supercritical,2050,1435900.0,,0.6669
LAO,coal-ccs,2023,3600400.0,,3.5215
LAO,coal-ccs,2030,3330100.0,,3.0385
LAO,coal-ccs,2050,2796050.0,,2.847
LAO,ultrasupercritical,2023,1652050.0,,0.64365
LAO,ultrasupercritical,2030,1618400.0,,0.6204
LAO,ultrasupercritical,2050,1589950.0,,0.59195
LAO,combined-cycle,2023,907250.0,,1.443
LAO,combined-cycle,2030,840307.5,,1.2301
LAO,combined-cycle,2050,799628.0,,1.1784
LAO,gas-ccs,2023,2135750.0,,3.1904
LAO,gas-ccs,2030,1883750.0,,2.7242
LAO,gas-ccs,2050,1559000.0,,2.3541
LAO,open-cycle-gas-turbine,2023,838000.0,,1.674
LAO,open-cycle-gas-turbine,2030,801560.0,,1.6275
LAO,open-cycle-gas-turbine,2050,749504.0,,1.581
LAO,geothermal-binary-cycle,2023,5001500.0,,0.37895
LAO,geothermal-binary-cycle,2030,4845500.0,,0.36855
LAO,geothermal-binary-cycle,2050,4381750.0,,0.334815
LAO,geothermal-flash-steam-unspecified,2023,3918000.0,,0.26075
LAO,geothermal-flash-steam-unspecified,2030,3814000.0,,0.25035
LAO,geothermal-flash-steam-unspecified,2050,3453400.0,,0.226
LAO,hydro-unspecified,2023,1803000.0,,0.6821
LAO,hydro-unspecified,2030,1762080.0,,0.65255
LAO,hydro-unspecified,2050,1690470.0,,0.6085
LAO,hydro-unspecified,2023,2659500.0,,0.56145
LAO,hydro-unspecified,2030,2553120.0,,0.538992
LAO,hydro-unspecified,2050,2366955.0,,0.4996905
LAO,hydro-pumped-storage,2023,1020799.9999999999,,1.162775
LAO,hydro-pumped-storage,2030,1020799.9999999999,,1.162775
LAO,hydro-pumped-storage,2050,1020799.9999999999,,1.162775
LAO,hydro-unspecified,2023,2072499.9999999998,,0.52505
LAO,hydro-unspecified,2030,2025999.9999999998,,0.504048
LAO,hydro-unspecified,2050,1944625.0,,0.472545
LAO,waste,2023,2700500.0,,7.161
LAO,waste,2030,2700500.0,,7.161
LAO,waste,2050,2700500.0,,7.161
LAO,waste,2023,5688050.0,,25.8395
LAO,waste,2030,5270735.829999999,,24.168
LAO,waste,2050,4690569.4,,23.3335
LAO,pressurized-water-reactor,2023,8865000.0,,2.364
LAO,pressurized-water-reactor,2030,7781500.0,,2.2655
LAO,pressurized-water-reactor,2050,6698000.0,,2.167
LAO,small-modular-reactor,2023,9456000.0,,2.167
LAO,small-modular-reactor,2030,9456000.0,,2.167
LAO,small-modular-reactor,2050,7190500.0,,2.0685
LAO,petroleum-products-internal-combustion-engine,2023,736080.0,,6.77264
LAO,petroleum-products-internal-combustion-engine,2030,725680.0,,6.3006
LAO,petroleum-products-internal-combustion-engine,2050,699478.0,,5.93458
LAO,photovoltaic-unspecified,2023,1078000.0,,0.0
LAO,photovoltaic-unspecified,2030,759800.0,,0.0
LAO,photovoltaic-unspecified,2050,549400.0,,0.0
LAO,photovoltaic-unspecified,2023,930000.0,,0.0
LAO,photovoltaic-unspecified,2030,655680.0,,0.0
LAO,photovoltaic-unspecified,2050,472800.0,,0.0
LAO,,2023,2101991.0,,
LAO,,2023,3503318.333,,
LAO,wind-offshore-unspecified,2023,3544500.0,,5.1575
LAO,wind-offshore-unspecified,2030,2776655.0,,3.844
LAO,wind-offshore-unspecified,2050,2218550.0,,3.2175
LAO,wind-offshore-floating,2023,5417500.0,,0.0
LAO,wind-offshore-floating,2030,3238000.0,,0.0
LAO,wind-offshore-floating,2050,2435000.0,,0.0
LAO,wind-onshore,2023,1547250.0,,1.82
LAO,wind-onshore,2030,1223600.0,,1.456
LAO,wind-onshore,2050,1003350.0,,1.196
MMR,lithium-ion,2023,519699.06499999994,,2.126
MMR,lithium-ion,2030,289764.27999999997,,1.9134
MMR,lithium-ion,2050,188162.674,,1.7008
MMR,biogas,2023,2647250.0,,0.11765
MMR,biogas,2030,2372362.5,,0.107614
MMR,biogas,2050,2050437.5000000002,,0.10036
MMR,biomass,2023,1996200.0,,3.245
MMR,biomass,2030,1796782.0,,2.96252
MMR,biomass,2050,1576160.0,,2.5648
MMR,integrated-gasification-combined-cycle,2023,2689050.0,,13.4945
MMR,integrated-gasification-combined-cycle,2030,2472350.0,,13.1005
MMR,integrated-gasification-combined-cycle,2050,2285200.0,,12.7065
MMR,coal-ccs,2023,4698450.0,,21.67
MMR,coal-ccs,2030,4225650.0,,21.4533
MMR,coal-ccs,2050,3378550.0,,20.8032
MMR,subcritical,2023,1851800.0,,1.4775
MMR,subcritical,2030,1792700.0,,1.42825
MMR,subcritical,2050,1733600.0,,1.379
MMR,supercritical,2023,1503200.0,,1.0566
MMR,supercritical,2030,1474750.0,,0.69015
MMR,supercritical,2050,1435900.0,,0.6669
MMR,coal-ccs,2023,3600400.0,,3.5215
MMR,coal-ccs,2030,3330100.0,,3.0385
MMR,coal-ccs,2050,2796050.0,,2.847
MMR,ultrasupercritical,2023,1652050.0,,0.64365
MMR,ultrasupercritical,2030,1618400.0,,0.6204
MMR,ultrasupercritical,2050,1589950.0,,0.59195
MMR,combined-cycle,2023,907250.0,,1.443
MMR,combined-cycle,2030,840307.5,,1.2301
MMR,combined-cycle,2050,799628.0,,1.1784
MMR,gas-ccs,2023,2135750.0,,3.1904
MMR,gas-ccs,2030,1883750.0,,2.7242
MMR,gas-ccs,2050,1559000.0,,2.3541
MMR,open-cycle-gas-turbine,2023,838000.0,,1.674
MMR,open-cycle-gas-turbine,2030,801560.0,,1.6275
MMR,open-cycle-gas-turbine,2050,749504.0,,1.581
MMR,geothermal-binary-cycle,2023,5001500.0,,0.37895
MMR,geothermal-binary-cycle,2030,4845500.0,,0.36855
MMR,geothermal-binary-cycle,2050,4381750.0,,0.334815
MMR,geothermal-flash-steam-unspecified,2023,3918000.0,,0.26075
MMR,geothermal-flash-steam-unspecified,2030,3814000.0,,0.25035
MMR,geothermal-flash-steam-unspecified,2050,3453400.0,,0.226
MMR,hydro-unspecified,2023,1803000.0,,0.6821
MMR,hydro-unspecified,2030,1762080.0,,0.65255
MMR,hydro-unspecified,2050,1690470.0,,0.6085
MMR,hydro-unspecified,2023,2659500.0,,0.56145
MMR,hydro-unspecified,2030,2553120.0,,0.538992
MMR,hydro-unspecified,2050,2366955.0,,0.4996905
MMR,hydro-pumped-storage,2023,1020799.9999999999,,1.162775
MMR,hydro-pumped-storage,2030,1020799.9999999999,,1.162775
MMR,hydro-pumped-storage,2050,1020799.9999999999,,1.162775
MMR,hydro-unspecified,2023,2072499.9999999998,,0.52505
MMR,hydro-unspecified,2030,2025999.9999999998,,0.504048
MMR,hydro-unspecified,2050,1944625.0,,0.472545
MMR,waste,2023,2700500.0,,7.161
MMR,waste,2030,2700500.0,,7.161
MMR,waste,2050,2700500.0,,7.161
MMR,waste,2023,5688050.0,,25.8395
MMR,waste,2030,5270735.829999999,,24.168
MMR,waste,2050,4690569.4,,23.3335
MMR,pressurized-water-reactor,2023,8865000.0,,2.364
MMR,pressurized-water-reactor,2030,7781500.0,,2.2655
MMR,pressurized-water-reactor,2050,6698000.0,,2.167
MMR,small-modular-reactor,2023,9456000.0,,2.167
MMR,small-modular-reactor,2030,9456000.0,,2.167
MMR,small-modular-reactor,2050,7190500.0,,2.0685
MMR,petroleum-products-internal-combustion-engine,2023,736080.0,,6.77264
MMR,petroleum-products-internal-combustion-engine,2030,725680.0,,6.3006
MMR,petroleum-products-internal-combustion-engine,2050,699478.0,,5.93458
MMR,photovoltaic-unspecified,2023,1078000.0,,0.0
MMR,photovoltaic-unspecified,2030,759800.0,,0.0
MMR,photovoltaic-unspecified,2050,549400.0,,0.0
MMR,photovoltaic-unspecified,2023,930000.0,,0.0
MMR,photovoltaic-unspecified,2030,655680.0,,0.0
MMR,photovoltaic-unspecified,2050,472800.0,,0.0
MMR,,2023,2101991.0,,
MMR,,2023,3503318.333,,
MMR,wind-offshore-unspecified,2023,3544500.0,,5.1575
MMR,wind-offshore-unspecified,2030,2776655.0,,3.844
MMR,wind-offshore-unspecified,2050,2218550.0,,3.2175
MMR,wind-offshore-floating,2023,5417500.0,,0.0
MMR,wind-offshore-floating,2030,3238000.0,,0.0
MMR,wind-offshore-floating,2050,2435000.0,,0.0
MMR,wind-onshore,2023,1547250.0,,1.82
MMR,wind-onshore,2030,1223600.0,,1.456
MMR,wind-onshore,2050,1003350.0,,1.196
MYS,lithium-ion,2023,519699.06499999994,,2.126
MYS,lithium-ion,2030,289764.27999999997,,1.9134
MYS,lithium-ion,2050,188162.674,,1.7008
MYS,biogas,2023,2647250.0,,0.11765
MYS,biogas,2030,2372362.5,,0.107614
MYS,biogas,2050,2050437.5000000002,,0.10036
MYS,biomass,2023,1996200.0,,3.245
MYS,biomass,2030,1796782.0,,2.96252
MYS,biomass,2050,1576160.0,,2.5648
MYS,integrated-gasification-combined-cycle,2023,2689050.0,,13.4945
MYS,integrated-gasification-combined-cycle,2030,2472350.0,,13.1005
MYS,integrated-gasification-combined-cycle,2050,2285200.0,,12.7065
MYS,coal-ccs,2023,4698450.0,,21.67
MYS,coal-ccs,2030,4225650.0,,21.4533
MYS,coal-ccs,2050,3378550.0,,20.8032
MYS,subcritical,2023,1851800.0,,1.4775
MYS,subcritical,2030,1792700.0,,1.42825
MYS,subcritical,2050,1733600.0,,1.379
MYS,supercritical,2023,1503200.0,,1.0566
MYS,supercritical,2030,1474750.0,,0.69015
MYS,supercritical,2050,1435900.0,,0.6669
MYS,coal-ccs,2023,3600400.0,,3.5215
MYS,coal-ccs,2030,3330100.0,,3.0385
MYS,coal-ccs,2050,2796050.0,,2.847
MYS,ultrasupercritical,2023,1652050.0,,0.64365
MYS,ultrasupercritical,2030,1618400.0,,0.6204
MYS,ultrasupercritical,2050,1589950.0,,0.59195
MYS,combined-cycle,2023,907250.0,,1.443
MYS,combined-cycle,2030,840307.5,,1.2301
MYS,combined-cycle,2050,799628.0,,1.1784
MYS,gas-ccs,2023,2135750.0,,3.1904
MYS,gas-ccs,2030,1883750.0,,2.7242
MYS,gas-ccs,2050,1559000.0,,2.3541
MYS,open-cycle-gas-turbine,2023,838000.0,,1.674
MYS,open-cycle-gas-turbine,2030,801560.0,,1.6275
MYS,open-cycle-gas-turbine,2050,749504.0,,1.581
MYS,geothermal-binary-cycle,2023,5001500.0,,0.37895
MYS,geothermal-binary-cycle,2030,4845500.0,,0.36855
MYS,geothermal-binary-cycle,2050,4381750.0,,0.334815
MYS,geothermal-flash-steam-unspecified,2023,3918000.0,,0.26075
MYS,geothermal-flash-steam-unspecified,2030,3814000.0,,0.25035
MYS,geothermal-flash-steam-unspecified,2050,3453400.0,,0.226
MYS,hydro-unspecified,2023,1803000.0,,0.6821
MYS,hydro-unspecified,2030,1762080.0,,0.65255
MYS,hydro-unspecified,2050,1690470.0,,0.6085
MYS,hydro-unspecified,2023,2659500.0,,0.56145
MYS,hydro-unspecified,2030,2553120.0,,0.538992
MYS,hydro-unspecified,2050,2366955.0,,0.4996905
MYS,hydro-pumped-storage,2023,1020799.9999999999,,1.162775
MYS,hydro-pumped-storage,2030,1020799.9999999999,,1.162775
MYS,hydro-pumped-storage,2050,1020799.9999999999,,1.162775
MYS,hydro-unspecified,2023,2072499.9999999998,,0.52505
MYS,hydro-unspecified,2030,2025999.9999999998,,0.504048
MYS,hydro-unspecified,2050,1944625.0,,0.472545
MYS,waste,2023,2700500.0,,7.161
MYS,waste,2030,2700500.0,,7.161
MYS,waste,2050,2700500.0,,7.161
MYS,waste,2023,5688050.0,,25.8395
MYS,waste,2030,5270735.829999999,,24.168
MYS,waste,2050,4690569.4,,23.3335
MYS,pressurized-water-reactor,2023,8865000.0,,2.364
MYS,pressurized-water-reactor,2030,7781500.0,,2.2655
MYS,pressurized-water-reactor,2050,6698000.0,,2.167
MYS,small-modular-reactor,2023,9456000.0,,2.167
MYS,small-modular-reactor,2030,9456000.0,,2.167
MYS,small-modular-reactor,2050,7190500.0,,2.0685
MYS,petroleum-products-internal-combustion-engine,2023,736080.0,,6.77264
MYS,petroleum-products-internal-combustion-engine,2030,725680.0,,6.3006
MYS,petroleum-products-internal-combustion-engine,2050,699478.0,,5.93458
MYS,photovoltaic-unspecified,2023,1078000.0,,0.0
MYS,photovoltaic-unspecified,2030,759800.0,,0.0
MYS,photovoltaic-unspecified,2050,549400.0,,0.0
MYS,photovoltaic-unspecified,2023,930000.0,,0.0
MYS,photovoltaic-unspecified,2030,655680.0,,0.0
MYS,photovoltaic-unspecified,2050,472800.0,,0.0
MYS,,2023,2101991.0,,
MYS,,2023,3503318.333,,
MYS,wind-offshore-unspecified,2023,3544500.0,,5.1575
MYS,wind-offshore-unspecified,2030,2776655.0,,3.844
MYS,wind-offshore-unspecified,2050,2218550.0,,3.2175
MYS,wind-offshore-floating,2023,5417500.0,,0.0
MYS,wind-offshore-floating,2030,3238000.0,,0.0
MYS,wind-offshore-floating,2050,2435000.0,,0.0
MYS,wind-onshore,2023,1547250.0,,1.82
MYS,wind-onshore,2030,1223600.0,,1.456
MYS,wind-onshore,2050,1003350.0,,1.196
PHL,lithium-ion,2023,519699.06499999994,,2.126
PHL,lithium-ion,2030,289764.27999999997,,1.9134
PHL,lithium-ion,2050,188162.674,,1.7008
PHL,biogas,2023,2647250.0,,0.11765
PHL,biogas,2030,2372362.5,,0.107614
PHL,biogas,2050,2050437.5000000002,,0.10036
PHL,biomass,2023,1996200.0,,3.245
PHL,biomass,2030,1796782.0,,2.96252
PHL,biomass,2050,1576160.0,,2.5648
PHL,integrated-gasification-combined-cycle,2023,2689050.0,,13.4945
PHL,integrated-gasification-combined-cycle,2030,2472350.0,,13.1005
PHL,integrated-gasification-combined-cycle,2050,2285200.0,,12.7065
PHL,coal-ccs,2023,4698450.0,,21.67
PHL,coal-ccs,2030,4225650.0,,21.4533
PHL,coal-ccs,2050,3378550.0,,20.8032
PHL,subcritical,2023,1851800.0,,1.4775
PHL,subcritical,2030,1792700.0,,1.42825
PHL,subcritical,2050,1733600.0,,1.379
PHL,supercritical,2023,1503200.0,,1.0566
PHL,supercritical,2030,1474750.0,,0.69015
PHL,supercritical,2050,1435900.0,,0.6669
PHL,coal-ccs,2023,3600400.0,,3.5215
PHL,coal-ccs,2030,3330100.0,,3.0385
PHL,coal-ccs,2050,2796050.0,,2.847
PHL,ultrasupercritical,2023,1652050.0,,0.64365
PHL,ultrasupercritical,2030,1618400.0,,0.6204
PHL,ultrasupercritical,2050,1589950.0,,0.59195
PHL,combined-cycle,2023,907250.0,,1.443
PHL,combined-cycle,2030,840307.5,,1.2301
PHL,combined-cycle,2050,799628.0,,1.1784
PHL,gas-ccs,2023,2135750.0,,3.1904
PHL,gas-ccs,2030,1883750.0,,2.7242
PHL,gas-ccs,2050,1559000.0,,2.3541
PHL,open-cycle-gas-turbine,2023,838000.0,,1.674
PHL,open-cycle-gas-turbine,2030,801560.0,,1.6275
PHL,open-cycle-gas-turbine,2050,749504.0,,1.581
PHL,geothermal-binary-cycle,2023,5001500.0,,0.37895
PHL,geothermal-binary-cycle,2030,4845500.0,,0.36855
PHL,geothermal-binary-cycle,2050,4381750.0,,0.334815
PHL,geothermal-flash-steam-unspecified,2023,3918000.0,,0.26075
PHL,geothermal-flash-steam-unspecified,2030,3814000.0,,0.25035
PHL,geothermal-flash-steam-unspecified,2050,3453400.0,,0.226
PHL,hydro-unspecified,2023,1803000.0,,0.6821
PHL,hydro-unspecified,2030,1762080.0,,0.65255
PHL,hydro-unspecified,2050,1690470.0,,0.6085
PHL,hydro-unspecified,2023,2659500.0,,0.56145
PHL,hydro-unspecified,2030,2553120.0,,0.538992
PHL,hydro-unspecified,2050,2366955.0,,0.4996905
PHL,hydro-pumped-storage,2023,1020799.9999999999,,1.162775
PHL,hydro-pumped-storage,2030,1020799.9999999999,,1.162775
PHL,hydro-pumped-storage,2050,1020799.9999999999,,1.162775
PHL,hydro-unspecified,2023,2072499.9999999998,,0.52505
PHL,hydro-unspecified,2030,2025999.9999999998,,0.504048
PHL,hydro-unspecified,2050,1944625.0,,0.472545
PHL,waste,2023,2700500.0,,7.161
PHL,waste,2030,2700500.0,,7.161
PHL,waste,2050,2700500.0,,7.161
PHL,waste,2023,5688050.0,,25.8395
PHL,waste,2030,5270735.829999999,,24.168
PHL,waste,2050,4690569.4,,23.3335
PHL,pressurized-water-reactor,2023,8865000.0,,2.364
PHL,pressurized-water-reactor,2030,7781500.0,,2.2655
PHL,pressurized-water-reactor,2050,6698000.0,,2.167
PHL,small-modular-reactor,2023,9456000.0,,2.167
PHL,small-modular-reactor,2030,9456000.0,,2.167
PHL,small-modular-reactor,2050,7190500.0,,2.0685
PHL,petroleum-products-internal-combustion-engine,2023,736080.0,,6.77264
PHL,petroleum-products-internal-combustion-engine,2030,725680.0,,6.3006
PHL,petroleum-products-internal-combustion-engine,2050,699478.0,,5.93458
PHL,photovoltaic-unspecified,2023,1078000.0,,0.0
PHL,photovoltaic-unspecified,2030,759800.0,,0.0
PHL,photovoltaic-unspecified,2050,549400.0,,0.0
PHL,photovoltaic-unspecified,2023,930000.0,,0.0
PHL,photovoltaic-unspecified,2030,655680.0,,0.0
PHL,photovoltaic-unspecified,2050,472800.0,,0.0
PHL,,2023,1700117.0,,
PHL,,2023,2833528.3329999996,,
PHL,wind-offshore-unspecified,2023,3544500.0,,5.1575
PHL,wind-offshore-unspecified,2030,2776655.0,,3.844
PHL,wind-offshore-unspecified,2050,2218550.0,,3.2175
PHL,wind-offshore-floating,2023,5417500.0,,0.0
PHL,wind-offshore-floating,2030,3238000.0,,0.0
PHL,wind-offshore-floating,2050,2435000.0,,0.0
PHL,wind-onshore,2023,1547250.0,,1.82
PHL,wind-onshore,2030,1223600.0,,1.456
PHL,wind-onshore,2050,1003350.0,,1.196
SGP,lithium-ion,2023,519699.06499999994,,2.126
SGP,lithium-ion,2030,289764.27999999997,,1.9134
SGP,lithium-ion,2050,188162.674,,1.7008
SGP,biogas,2023,2647250.0,,0.11765
SGP,biogas,2030,2372362.5,,0.107614
SGP,biogas,2050,2050437.5000000002,,0.10036
SGP,biomass,2023,1996200.0,,3.245
SGP,biomass,2030,1796782.0,,2.96252
SGP,biomass,2050,1576160.0,,2.5648
SGP,integrated-gasification-combined-cycle,2023,2689050.0,,13.4945
SGP,integrated-gasification-combined-cycle,2030,2472350.0,,13.1005
SGP,integrated-gasification-combined-cycle,2050,2285200.0,,12.7065
SGP,coal-ccs,2023,4698450.0,,21.67
SGP,coal-ccs,2030,4225650.0,,21.4533
SGP,coal-ccs,2050,3378550.0,,20.8032
SGP,subcritical,2023,1851800.0,,1.4775
SGP,subcritical,2030,1792700.0,,1.42825
SGP,subcritical,2050,1733600.0,,1.379
SGP,supercritical,2023,1503200.0,,1.0566
SGP,supercritical,2030,1474750.0,,0.69015
SGP,supercritical,2050,1435900.0,,0.6669
SGP,coal-ccs,2023,3600400.0,,3.5215
SGP,coal-ccs,2030,3330100.0,,3.0385
SGP,coal-ccs,2050,2796050.0,,2.847
SGP,ultrasupercritical,2023,1652050.0,,0.64365
SGP,ultrasupercritical,2030,1618400.0,,0.6204
SGP,ultrasupercritical,2050,1589950.0,,0.59195
SGP,combined-cycle,2023,907250.0,,1.443
SGP,combined-cycle,2030,840307.5,,1.2301
SGP,combined-cycle,2050,799628.0,,1.1784
SGP,gas-ccs,2023,2135750.0,,3.1904
SGP,gas-ccs,2030,1883750.0,,2.7242
SGP,gas-ccs,2050,1559000.0,,2.3541
SGP,open-cycle-gas-turbine,2023,838000.0,,1.674
SGP,open-cycle-gas-turbine,2030,801560.0,,1.6275
SGP,open-cycle-gas-turbine,2050,749504.0,,1.581
SGP,geothermal-binary-cycle,2023,5001500.0,,0.37895
SGP,geothermal-binary-cycle,2030,4845500.0,,0.36855
SGP,geothermal-binary-cycle,2050,4381750.0,,0.334815
SGP,geothermal-flash-steam-unspecified,2023,3918000.0,,0.26075
SGP,geothermal-flash-steam-unspecified,2030,3814000.0,,0.25035
SGP,geothermal-flash-steam-unspecified,2050,3453400.0,,0.226
SGP,hydro-unspecified,2023,1803000.0,,0.6821
SGP,hydro-unspecified,2030,1762080.0,,0.65255
SGP,hydro-unspecified,2050,1690470.0,,0.6085
SGP,hydro-unspecified,2023,2659500.0,,0.56145
SGP,hydro-unspecified,2030,2553120.0,,0.538992
SGP,hydro-unspecified,2050,2366955.0,,0.4996905
SGP,hydro-pumped-storage,2023,1020799.9999999999,,1.162775
SGP,hydro-pumped-storage,2030,1020799.9999999999,,1.162775
SGP,hydro-pumped-storage,2050,1020799.9999999999,,1.162775
SGP,hydro-unspecified,2023,2072499.9999999998,,0.52505
SGP,hydro-unspecified,2030,2025999.9999999998,,0.504048
SGP,hydro-unspecified,2050,1944625.0,,0.472545
SGP,waste,2023,2700500.0,,7.161
SGP,waste,2030,2700500.0,,7.161
SGP,waste,2050,2700500.0,,7.161
SGP,waste,2023,5688050.0,,25.8395
SGP,waste,2030,5270735.829999999,,24.168
SGP,waste,2050,4690569.4,,23.3335
SGP,pressurized-water-reactor,2023,8865000.0,,2.364
SGP,pressurized-water-reactor,2030,7781500.0,,2.2655
SGP,pressurized-water-reactor,2050,6698000.0,,2.167
SGP,small-modular-reactor,2023,9456000.0,,2.167
SGP,small-modular-reactor,2030,9456000.0,,2.167
SGP,small-modular-reactor,2050,7190500.0,,2.0685
SGP,petroleum-products-internal-combustion-engine,2023,736080.0,,6.77264
SGP,petroleum-products-internal-combustion-engine,2030,725680.0,,6.3006
SGP,petroleum-products-internal-combustion-engine,2050,699478.0,,5.93458
SGP,photovoltaic-unspecified,2023,1078000.0,,0.0
SGP,photovoltaic-unspecified,2030,759800.0,,0.0
SGP,photovoltaic-unspecified,2050,549400.0,,0.0
SGP,photovoltaic-unspecified,2023,930000.0,,0.0
SGP,photovoltaic-unspecified,2030,655680.0,,0.0
SGP,photovoltaic-unspecified,2050,472800.0,,0.0
SGP,,2023,2101991.0,,
SGP,,2023,3503318.333,,
SGP,wind-offshore-unspecified,2023,3544500.0,,5.1575
SGP,wind-offshore-unspecified,2030,2776655.0,,3.844
SGP,wind-offshore-unspecified,2050,2218550.0,,3.2175
SGP,wind-offshore-floating,2023,5417500.0,,0.0
SGP,wind-offshore-floating,2030,3238000.0,,0.0
SGP,wind-offshore-floating,2050,2435000.0,,0.0
SGP,wind-onshore,2023,1547250.0,,1.82
SGP,wind-onshore,2030,1223600.0,,1.456
SGP,wind-onshore,2050,1003350.0,,1.196
THA,lithium-ion,2023,519699.06499999994,,2.126
THA,lithium-ion,2030,289764.27999999997,,1.9134
THA,lithium-ion,2050,188162.674,,1.7008
THA,biogas,2023,2647250.0,,0.11765
THA,biogas,2030,2372362.5,,0.107614
THA,biogas,2050,2050437.5000000002,,0.10036
THA,biomass,2023,1996200.0,,3.245
THA,biomass,2030,1796782.0,,2.96252
THA,biomass,2050,1576160.0,,2.5648
THA,integrated-gasification-combined-cycle,2023,2689050.0,,13.4945
THA,integrated-gasification-combined-cycle,2030,2472350.0,,13.1005
THA,integrated-gasification-combined-cycle,2050,2285200.0,,12.7065
THA,coal-ccs,2023,4698450.0,,21.67
THA,coal-ccs,2030,4225650.0,,21.4533
THA,coal-ccs,2050,3378550.0,,20.8032
THA,subcritical,2023,1851800.0,,1.4775
THA,subcritical,2030,1792700.0,,1.42825
THA,subcritical,2050,1733600.0,,1.379
THA,supercritical,2023,1503200.0,,1.0566
THA,supercritical,2030,1474750.0,,0.69015
THA,supercritical,2050,1435900.0,,0.6669
THA,coal-ccs,2023,3600400.0,,3.5215
THA,coal-ccs,2030,3330100.0,,3.0385
THA,coal-ccs,2050,2796050.0,,2.847
THA,ultrasupercritical,2023,1652050.0,,0.64365
THA,ultrasupercritical,2030,1618400.0,,0.6204
THA,ultrasupercritical,2050,1589950.0,,0.59195
THA,combined-cycle,2023,907250.0,,1.443
THA,combined-cycle,2030,840307.5,,1.2301
THA,combined-cycle,2050,799628.0,,1.1784
THA,gas-ccs,2023,2135750.0,,3.1904
THA,gas-ccs,2030,1883750.0,,2.7242
THA,gas-ccs,2050,1559000.0,,2.3541
THA,open-cycle-gas-turbine,2023,838000.0,,1.674
THA,open-cycle-gas-turbine,2030,801560.0,,1.6275
THA,open-cycle-gas-turbine,2050,749504.0,,1.581
THA,geothermal-binary-cycle,2023,5001500.0,,0.37895
THA,geothermal-binary-cycle,2030,4845500.0,,0.36855
THA,geothermal-binary-cycle,2050,4381750.0,,0.334815
THA,geothermal-flash-steam-unspecified,2023,3918000.0,,0.26075
THA,geothermal-flash-steam-unspecified,2030,3814000.0,,0.25035
THA,geothermal-flash-steam-unspecified,2050,3453400.0,,0.226
THA,hydro-unspecified,2023,1803000.0,,0.6821
THA,hydro-unspecified,2030,1762080.0,,0.65255
THA,hydro-unspecified,2050,1690470.0,,0.6085
THA,hydro-unspecified,2023,2659500.0,,0.56145
THA,hydro-unspecified,2030,2553120.0,,0.538992
THA,hydro-unspecified,2050,2366955.0,,0.4996905
THA,hydro-pumped-storage,2023,1020799.9999999999,,1.162775
THA,hydro-pumped-storage,2030,1020799.9999999999,,1.162775
THA,hydro-pumped-storage,2050,1020799.9999999999,,1.162775
THA,hydro-unspecified,2023,2072499.9999999998,,0.52505
THA,hydro-unspecified,2030,2025999.9999999998,,0.504048
THA,hydro-unspecified,2050,1944625.0,,0.472545
THA,waste,2023,2700500.0,,7.161
THA,waste,2030,2700500.0,,7.161
THA,waste,2050,2700500.0,,7.161
THA,waste,2023,5688050.0,,25.8395
THA,waste,2030,5270735.829999999,,24.168
THA,waste,2050,4690569.4,,23.3335
THA,pressurized-water-reactor,2023,8865000.0,,2.364
THA,pressurized-water-reactor,2030,7781500.0,,2.2655
THA,pressurized-water-reactor,2050,6698000.0,,2.167
THA,small-modular-reactor,2023,9456000.0,,2.167
THA,small-modular-reactor,2030,9456000.0,,2.167
THA,small-modular-reactor,2050,7190500.0,,2.0685
THA,petroleum-products-internal-combustion-engine,2023,736080.0,,6.77264
THA,petroleum-products-internal-combustion-engine,2030,725680.0,,6.3006
THA,petroleum-products-internal-combustion-engine,2050,699478.0,,5.93458
THA,photovoltaic-unspecified,2023,1078000.0,,0.0
THA,photovoltaic-unspecified,2030,759800.0,,0.0
THA,photovoltaic-unspecified,2050,549400.0,,0.0
THA,photovoltaic-unspecified,2023,930000.0,,0.0
THA,photovoltaic-unspecified,2030,655680.0,,0.0
THA,photovoltaic-unspecified,2050,472800.0,,0.0
THA,,2023,2101991.0,,
THA,,2023,3503318.333,,
THA,wind-offshore-unspecified,2023,3544500.0,,5.1575
THA,wind-offshore-unspecified,2030,2776655.0,,3.844
THA,wind-offshore-unspecified,2050,2218550.0,,3.2175
THA,wind-offshore-floating,2023,5417500.0,,0.0
THA,wind-offshore-floating,2030,3238000.0,,0.0
THA,wind-offshore-floating,2050,2435000.0,,0.0
THA,wind-onshore,2023,1547250.0,,1.82
THA,wind-onshore,2030,1223600.0,,1.456
THA,wind-onshore,2050,1003350.0,,1.196
