hour,node,node_name,technology,user_data
0,GRIDREGION-JPN-HR,Hokuriku,hydro-pumped-storage-unspecified,0.53
0,GRIDREGION-JPN-SH,Shikoku,hydro-pumped-storage-unspecified,0.4
0,GRIDREGION-JPN-CG,Chugoku,hydro-pumped-storage-unspecified,0.47
0,GRIDREGION-JPN-KY,Kyushu,hydro-pumped-storage-unspecified,0.57
0,GRIDREGION-JPN-TH,Tohoku,hydro-pumped-storage-unspecified,0.96
0,GRIDREGION-JPN-HK,Hokkaido,hydro-pumped-storage-unspecified,0.87
0,GRIDREGION-JPN-CB,Chubu,hydro-pumped-storage-unspecified,0.45
0,GRIDREGION-JPN-KA,Kansai,hydro-pumped-storage-unspecified,0.53
0,GRIDREGION-JPN-TK,Tokyo,hydro-pumped-storage-unspecified,0.49
1,GRIDREGION-JPN-HR,Hokuriku,hydro-pumped-storage-unspecified,0.55
1,GRIDREGION-JPN-SH,Shikoku,hydro-pumped-storage-unspecified,0.42
1,GRIDREGION-JPN-CG,Chugoku,hydro-pumped-storage-unspecified,0.5
1,GRIDREGION-JPN-KY,Kyushu,hydro-pumped-storage-unspecified,0.59
1,GRIDREGION-JPN-TH,Tohoku,hydro-pumped-storage-unspecified,0.96
1,GRIDREGION-JPN-HK,Hokkaido,hydro-pumped-storage-unspecified,0.88
1,GRIDREGION-JPN-CB,Chubu,hydro-pumped-storage-unspecified,0.47
1,GRIDREGION-JPN-KA,Kansai,hydro-pumped-storage-unspecified,0.55
1,GRIDREGION-JPN-TK,Tokyo,hydro-pumped-storage-unspecified,0.5
2,GRIDREGION-JPN-HR,Hokuriku,hydro-pumped-storage-unspecified,0.58
2,GRIDREGION-JPN-SH,Shikoku,hydro-pumped-storage-unspecified,0.44
2,GRIDREGION-JPN-CG,Chugoku,hydro-pumped-storage-unspecified,0.52
2,GRIDREGION-JPN-KY,Kyushu,hydro-pumped-storage-unspecified,0.62
2,GRIDREGION-JPN-TH,Tohoku,hydro-pumped-storage-unspecified,0.97
2,GRIDREGION-JPN-HK,Hokkaido,hydro-pumped-storage-unspecified,0.89
2,GRIDREGION-JPN-CB,Chubu,hydro-pumped-storage-unspecified,0.49
2,GRIDREGION-JPN-KA,Kansai,hydro-pumped-storage-unspecified,0.57
2,GRIDREGION-JPN-TK,Tokyo,hydro-pumped-storage-unspecified,0.52
3,GRIDREGION-JPN-HR,Hokuriku,hydro-pumped-storage-unspecified,0.61
3,GRIDREGION-JPN-SH,Shikoku,hydro-pumped-storage-unspecified,0.46
3,GRIDREGION-JPN-CG,Chugoku,hydro-pumped-storage-unspecified,0.56
3,GRIDREGION-JPN-KY,Kyushu,hydro-pumped-storage-unspecified,0.65
3,GRIDREGION-JPN-TH,Tohoku,hydro-pumped-storage-unspecified,0.98
3,GRIDREGION-JPN-HK,Hokkaido,hydro-pumped-storage-unspecified,0.9
3,GRIDREGION-JPN-CB,Chubu,hydro-pumped-storage-unspecified,0.52
3,GRIDREGION-JPN-KA,Kansai,hydro-pumped-storage-unspecified,0.59
3,GRIDREGION-JPN-TK,Tokyo,hydro-pumped-storage-unspecified,0.54
4,GRIDREGION-JPN-HR,Hokuriku,hydro-pumped-storage-unspecified,0.64
4,GRIDREGION-JPN-SH,Shikoku,hydro-pumped-storage-unspecified,0.47
4,GRIDREGION-JPN-CG,Chugoku,hydro-pumped-storage-unspecified,0.59
4,GRIDREGION-JPN-KY,Kyushu,hydro-pumped-storage-unspecified,0.68
4,GRIDREGION-JPN-TH,Tohoku,hydro-pumped-storage-unspecified,0.99
4,GRIDREGION-JPN-HK,Hokkaido,hydro-pumped-storage-unspecified,0.91
4,GRIDREGION-JPN-CB,Chubu,hydro-pumped-storage-unspecified,0.54
4,GRIDREGION-JPN-KA,Kansai,hydro-pumped-storage-unspecified,0.61
4,GRIDREGION-JPN-TK,Tokyo,hydro-pumped-storage-unspecified,0.55
5,GRIDREGION-JPN-HR,Hokuriku,hydro-pumped-storage-unspecified,0.65
5,GRIDREGION-JPN-SH,Shikoku,hydro-pumped-storage-unspecified,0.48
5,GRIDREGION-JPN-CG,Chugoku,hydro-pumped-storage-unspecified,0.6
5,GRIDREGION-JPN-KY,Kyushu,hydro-pumped-storage-unspecified,0.69
5,GRIDREGION-JPN-TH,Tohoku,hydro-pumped-storage-unspecified,0.99
5,GRIDREGION-JPN-HK,Hokkaido,hydro-pumped-storage-unspecified,0.91
5,GRIDREGION-JPN-CB,Chubu,hydro-pumped-storage-unspecified,0.54
5,GRIDREGION-JPN-KA,Kansai,hydro-pumped-storage-unspecified,0.61
5,GRIDREGION-JPN-TK,Tokyo,hydro-pumped-storage-unspecified,0.56
6,GRIDREGION-JPN-HR,Hokuriku,hydro-pumped-storage-unspecified,0.65
6,GRIDREGION-JPN-SH,Shikoku,hydro-pumped-storage-unspecified,0.48
6,GRIDREGION-JPN-CG,Chugoku,hydro-pumped-storage-unspecified,0.6
6,GRIDREGION-JPN-KY,Kyushu,hydro-pumped-storage-unspecified,0.7
6,GRIDREGION-JPN-TH,Tohoku,hydro-pumped-storage-unspecified,0.98
6,GRIDREGION-JPN-HK,Hokkaido,hydro-pumped-storage-unspecified,0.91
6,GRIDREGION-JPN-CB,Chubu,hydro-pumped-storage-unspecified,0.54
6,GRIDREGION-JPN-KA,Kansai,hydro-pumped-storage-unspecified,0.61
6,GRIDREGION-JPN-TK,Tokyo,hydro-pumped-storage-unspecified,0.55
7,GRIDREGION-JPN-HR,Hokuriku,hydro-pumped-storage-unspecified,0.62
7,GRIDREGION-JPN-SH,Shikoku,hydro-pumped-storage-unspecified,0.47
7,GRIDREGION-JPN-CG,Chugoku,hydro-pumped-storage-unspecified,0.58
7,GRIDREGION-JPN-KY,Kyushu,hydro-pumped-storage-unspecified,0.69
7,GRIDREGION-JPN-TH,Tohoku,hydro-pumped-storage-unspecified,0.97
7,GRIDREGION-JPN-HK,Hokkaido,hydro-pumped-storage-unspecified,0.89
7,GRIDREGION-JPN-CB,Chubu,hydro-pumped-storage-unspecified,0.52
7,GRIDREGION-JPN-KA,Kansai,hydro-pumped-storage-unspecified,0.6
7,GRIDREGION-JPN-TK,Tokyo,hydro-pumped-storage-unspecified,0.52
8,GRIDREGION-JPN-HR,Hokuriku,hydro-pumped-storage-unspecified,0.59
8,GRIDREGION-JPN-SH,Shikoku,hydro-pumped-storage-unspecified,0.45
8,GRIDREGION-JPN-CG,Chugoku,hydro-pumped-storage-unspecified,0.55
8,GRIDREGION-JPN-KY,Kyushu,hydro-pumped-storage-unspecified,0.66
8,GRIDREGION-JPN-TH,Tohoku,hydro-pumped-storage-unspecified,0.95
8,GRIDREGION-JPN-HK,Hokkaido,hydro-pumped-storage-unspecified,0.86
8,GRIDREGION-JPN-CB,Chubu,hydro-pumped-storage-unspecified,0.5
8,GRIDREGION-JPN-KA,Kansai,hydro-pumped-storage-unspecified,0.58
8,GRIDREGION-JPN-TK,Tokyo,hydro-pumped-storage-unspecified,0.47
9,GRIDREGION-JPN-HR,Hokuriku,hydro-pumped-storage-unspecified,0.55
9,GRIDREGION-JPN-SH,Shikoku,hydro-pumped-storage-unspecified,0.43
9,GRIDREGION-JPN-CG,Chugoku,hydro-pumped-storage-unspecified,0.52
9,GRIDREGION-JPN-KY,Kyushu,hydro-pumped-storage-unspecified,0.63
9,GRIDREGION-JPN-TH,Tohoku,hydro-pumped-storage-unspecified,0.92
9,GRIDREGION-JPN-HK,Hokkaido,hydro-pumped-storage-unspecified,0.83
9,GRIDREGION-JPN-CB,Chubu,hydro-pumped-storage-unspecified,0.48
9,GRIDREGION-JPN-KA,Kansai,hydro-pumped-storage-unspecified,0.55
9,GRIDREGION-JPN-TK,Tokyo,hydro-pumped-storage-unspecified,0.42
10,GRIDREGION-JPN-HR,Hokuriku,hydro-pumped-storage-unspecified,0.52
10,GRIDREGION-JPN-SH,Shikoku,hydro-pumped-storage-unspecified,0.41
10,GRIDREGION-JPN-CG,Chugoku,hydro-pumped-storage-unspecified,0.49
10,GRIDREGION-JPN-KY,Kyushu,hydro-pumped-storage-unspecified,0.6
10,GRIDREGION-JPN-TH,Tohoku,hydro-pumped-storage-unspecified,0.9
10,GRIDREGION-JPN-HK,Hokkaido,hydro-pumped-storage-unspecified,0.8
10,GRIDREGION-JPN-CB,Chubu,hydro-pumped-storage-unspecified,0.45
10,GRIDREGION-JPN-KA,Kansai,hydro-pumped-storage-unspecified,0.53
10,GRIDREGION-JPN-TK,Tokyo,hydro-pumped-storage-unspecified,0.37
11,GRIDREGION-JPN-HR,Hokuriku,hydro-pumped-storage-unspecified,0.5
11,GRIDREGION-JPN-SH,Shikoku,hydro-pumped-storage-unspecified,0.4
11,GRIDREGION-JPN-CG,Chugoku,hydro-pumped-storage-unspecified,0.46
11,GRIDREGION-JPN-KY,Kyushu,hydro-pumped-storage-unspecified,0.57
11,GRIDREGION-JPN-TH,Tohoku,hydro-pumped-storage-unspecified,0.88
11,GRIDREGION-JPN-HK,Hokkaido,hydro-pumped-storage-unspecified,0.78
11,GRIDREGION-JPN-CB,Chubu,hydro-pumped-storage-unspecified,0.43
11,GRIDREGION-JPN-KA,Kansai,hydro-pumped-storage-unspecified,0.51
11,GRIDREGION-JPN-TK,Tokyo,hydro-pumped-storage-unspecified,0.34
12,GRIDREGION-JPN-HR,Hokuriku,hydro-pumped-storage-unspecified,0.48
12,GRIDREGION-JPN-SH,Shikoku,hydro-pumped-storage-unspecified,0.39
12,GRIDREGION-JPN-CG,Chugoku,hydro-pumped-storage-unspecified,0.45
12,GRIDREGION-JPN-KY,Kyushu,hydro-pumped-storage-unspecified,0.56
12,GRIDREGION-JPN-TH,Tohoku,hydro-pumped-storage-unspecified,0.87
12,GRIDREGION-JPN-HK,Hokkaido,hydro-pumped-storage-unspecified,0.77
12,GRIDREGION-JPN-CB,Chubu,hydro-pumped-storage-unspecified,0.42
12,GRIDREGION-JPN-KA,Kansai,hydro-pumped-storage-unspecified,0.5
12,GRIDREGION-JPN-TK,Tokyo,hydro-pumped-storage-unspecified,0.33
13,GRIDREGION-JPN-HR,Hokuriku,hydro-pumped-storage-unspecified,0.47
13,GRIDREGION-JPN-SH,Shikoku,hydro-pumped-storage-unspecified,0.39
13,GRIDREGION-JPN-CG,Chugoku,hydro-pumped-storage-unspecified,0.44
13,GRIDREGION-JPN-KY,Kyushu,hydro-pumped-storage-unspecified,0.55
13,GRIDREGION-JPN-TH,Tohoku,hydro-pumped-storage-unspecified,0.87
13,GRIDREGION-JPN-HK,Hokkaido,hydro-pumped-storage-unspecified,0.77
13,GRIDREGION-JPN-CB,Chubu,hydro-pumped-storage-unspecified,0.42
13,GRIDREGION-JPN-KA,Kansai,hydro-pumped-storage-unspecified,0.5
13,GRIDREGION-JPN-TK,Tokyo,hydro-pumped-storage-unspecified,0.32
14,GRIDREGION-JPN-HR,Hokuriku,hydro-pumped-storage-unspecified,0.47
14,GRIDREGION-JPN-SH,Shikoku,hydro-pumped-storage-unspecified,0.38
14,GRIDREGION-JPN-CG,Chugoku,hydro-pumped-storage-unspecified,0.43
14,GRIDREGION-JPN-KY,Kyushu,hydro-pumped-storage-unspecified,0.55
14,GRIDREGION-JPN-TH,Tohoku,hydro-pumped-storage-unspecified,0.87
14,GRIDREGION-JPN-HK,Hokkaido,hydro-pumped-storage-unspecified,0.77
14,GRIDREGION-JPN-CB,Chubu,hydro-pumped-storage-unspecified,0.41
14,GRIDREGION-JPN-KA,Kansai,hydro-pumped-storage-unspecified,0.5
14,GRIDREGION-JPN-TK,Tokyo,hydro-pumped-storage-unspecified,0.33
15,GRIDREGION-JPN-HR,Hokuriku,hydro-pumped-storage-unspecified,0.48
15,GRIDREGION-JPN-SH,Shikoku,hydro-pumped-storage-unspecified,0.39
15,GRIDREGION-JPN-CG,Chugoku,hydro-pumped-storage-unspecified,0.44
15,GRIDREGION-JPN-KY,Kyushu,hydro-pumped-storage-unspecified,0.55
15,GRIDREGION-JPN-TH,Tohoku,hydro-pumped-storage-unspecified,0.88
15,GRIDREGION-JPN-HK,Hokkaido,hydro-pumped-storage-unspecified,0.78
15,GRIDREGION-JPN-CB,Chubu,hydro-pumped-storage-unspecified,0.42
15,GRIDREGION-JPN-KA,Kansai,hydro-pumped-storage-unspecified,0.5
15,GRIDREGION-JPN-TK,Tokyo,hydro-pumped-storage-unspecified,0.34
16,GRIDREGION-JPN-HR,Hokuriku,hydro-pumped-storage-unspecified,0.49
16,GRIDREGION-JPN-SH,Shikoku,hydro-pumped-storage-unspecified,0.39
16,GRIDREGION-JPN-CG,Chugoku,hydro-pumped-storage-unspecified,0.45
16,GRIDREGION-JPN-KY,Kyushu,hydro-pumped-storage-unspecified,0.56
16,GRIDREGION-JPN-TH,Tohoku,hydro-pumped-storage-unspecified,0.9
16,GRIDREGION-JPN-HK,Hokkaido,hydro-pumped-storage-unspecified,0.8
16,GRIDREGION-JPN-CB,Chubu,hydro-pumped-storage-unspecified,0.43
16,GRIDREGION-JPN-KA,Kansai,hydro-pumped-storage-unspecified,0.51
16,GRIDREGION-JPN-TK,Tokyo,hydro-pumped-storage-unspecified,0.37
17,GRIDREGION-JPN-HR,Hokuriku,hydro-pumped-storage-unspecified,0.49
17,GRIDREGION-JPN-SH,Shikoku,hydro-pumped-storage-unspecified,0.39
17,GRIDREGION-JPN-CG,Chugoku,hydro-pumped-storage-unspecified,0.44
17,GRIDREGION-JPN-KY,Kyushu,hydro-pumped-storage-unspecified,0.56
17,GRIDREGION-JPN-TH,Tohoku,hydro-pumped-storage-unspecified,0.91
17,GRIDREGION-JPN-HK,Hokkaido,hydro-pumped-storage-unspecified,0.82
17,GRIDREGION-JPN-CB,Chubu,hydro-pumped-storage-unspecified,0.43
17,GRIDREGION-JPN-KA,Kansai,hydro-pumped-storage-unspecified,0.51
17,GRIDREGION-JPN-TK,Tokyo,hydro-pumped-storage-unspecified,0.4
18,GRIDREGION-JPN-HR,Hokuriku,hydro-pumped-storage-unspecified,0.49
18,GRIDREGION-JPN-SH,Shikoku,hydro-pumped-storage-unspecified,0.39
18,GRIDREGION-JPN-CG,Chugoku,hydro-pumped-storage-unspecified,0.44
18,GRIDREGION-JPN-KY,Kyushu,hydro-pumped-storage-unspecified,0.55
18,GRIDREGION-JPN-TH,Tohoku,hydro-pumped-storage-unspecified,0.92
18,GRIDREGION-JPN-HK,Hokkaido,hydro-pumped-storage-unspecified,0.83
18,GRIDREGION-JPN-CB,Chubu,hydro-pumped-storage-unspecified,0.43
18,GRIDREGION-JPN-KA,Kansai,hydro-pumped-storage-unspecified,0.51
18,GRIDREGION-JPN-TK,Tokyo,hydro-pumped-storage-unspecified,0.42
19,GRIDREGION-JPN-HR,Hokuriku,hydro-pumped-storage-unspecified,0.49
19,GRIDREGION-JPN-SH,Shikoku,hydro-pumped-storage-unspecified,0.39
19,GRIDREGION-JPN-CG,Chugoku,hydro-pumped-storage-unspecified,0.44
19,GRIDREGION-JPN-KY,Kyushu,hydro-pumped-storage-unspecified,0.55
19,GRIDREGION-JPN-TH,Tohoku,hydro-pumped-storage-unspecified,0.93
19,GRIDREGION-JPN-HK,Hokkaido,hydro-pumped-storage-unspecified,0.84
19,GRIDREGION-JPN-CB,Chubu,hydro-pumped-storage-unspecified,0.43
19,GRIDREGION-JPN-KA,Kansai,hydro-pumped-storage-unspecified,0.51
19,GRIDREGION-JPN-TK,Tokyo,hydro-pumped-storage-unspecified,0.44
20,GRIDREGION-JPN-HR,Hokuriku,hydro-pumped-storage-unspecified,0.49
20,GRIDREGION-JPN-SH,Shikoku,hydro-pumped-storage-unspecified,0.38
20,GRIDREGION-JPN-CG,Chugoku,hydro-pumped-storage-unspecified,0.44
20,GRIDREGION-JPN-KY,Kyushu,hydro-pumped-storage-unspecified,0.55
20,GRIDREGION-JPN-TH,Tohoku,hydro-pumped-storage-unspecified,0.94
20,GRIDREGION-JPN-HK,Hokkaido,hydro-pumped-storage-unspecified,0.86
20,GRIDREGION-JPN-CB,Chubu,hydro-pumped-storage-unspecified,0.42
20,GRIDREGION-JPN-KA,Kansai,hydro-pumped-storage-unspecified,0.51
20,GRIDREGION-JPN-TK,Tokyo,hydro-pumped-storage-unspecified,0.46
21,GRIDREGION-JPN-HR,Hokuriku,hydro-pumped-storage-unspecified,0.49
21,GRIDREGION-JPN-SH,Shikoku,hydro-pumped-storage-unspecified,0.38
21,GRIDREGION-JPN-CG,Chugoku,hydro-pumped-storage-unspecified,0.44
21,GRIDREGION-JPN-KY,Kyushu,hydro-pumped-storage-unspecified,0.55
21,GRIDREGION-JPN-TH,Tohoku,hydro-pumped-storage-unspecified,0.95
21,GRIDREGION-JPN-HK,Hokkaido,hydro-pumped-storage-unspecified,0.86
21,GRIDREGION-JPN-CB,Chubu,hydro-pumped-storage-unspecified,0.43
21,GRIDREGION-JPN-KA,Kansai,hydro-pumped-storage-unspecified,0.51
21,GRIDREGION-JPN-TK,Tokyo,hydro-pumped-storage-unspecified,0.47
22,GRIDREGION-JPN-HR,Hokuriku,hydro-pumped-storage-unspecified,0.5
22,GRIDREGION-JPN-SH,Shikoku,hydro-pumped-storage-unspecified,0.39
22,GRIDREGION-JPN-CG,Chugoku,hydro-pumped-storage-unspecified,0.44
22,GRIDREGION-JPN-KY,Kyushu,hydro-pumped-storage-unspecified,0.55
22,GRIDREGION-JPN-TH,Tohoku,hydro-pumped-storage-unspecified,0.95
22,GRIDREGION-JPN-HK,Hokkaido,hydro-pumped-storage-unspecified,0.87
22,GRIDREGION-JPN-CB,Chubu,hydro-pumped-storage-unspecified,0.43
22,GRIDREGION-JPN-KA,Kansai,hydro-pumped-storage-unspecified,0.51
22,GRIDREGION-JPN-TK,Tokyo,hydro-pumped-storage-unspecified,0.48
23,GRIDREGION-JPN-HR,Hokuriku,hydro-pumped-storage-unspecified,0.51
23,GRIDREGION-JPN-SH,Shikoku,hydro-pumped-storage-unspecified,0.39
23,GRIDREGION-JPN-CG,Chugoku,hydro-pumped-storage-unspecified,0.45
23,GRIDREGION-JPN-KY,Kyushu,hydro-pumped-storage-unspecified,0.56
23,GRIDREGION-JPN-TH,Tohoku,hydro-pumped-storage-unspecified,0.95
23,GRIDREGION-JPN-HK,Hokkaido,hydro-pumped-storage-unspecified,0.87
23,GRIDREGION-JPN-CB,Chubu,hydro-pumped-storage-unspecified,0.44
23,GRIDREGION-JPN-KA,Kansai,hydro-pumped-storage-unspecified,0.52
23,GRIDREGION-JPN-TK,Tokyo,hydro-pumped-storage-unspecified,0.48